year,month,day,dow,births
1994,1,1,Saturday,8096
1994,1,2,Sunday,7772
1994,1,3,Monday,10142
1994,1,4,Tuesday,11248
1994,1,5,Wednesday,11053
1994,1,6,Thursday,11406
1994,1,7,Friday,11251
1994,1,8,Saturday,8653
1994,1,9,Sunday,7910
1994,1,10,Monday,10498
1994,1,11,Tuesday,11706
1994,1,12,Wednesday,11567
1994,1,13,Thursday,11212
1994,1,14,Friday,11570
1994,1,15,Saturday,8660
1994,1,16,Sunday,8123
1994,1,17,Monday,10567
1994,1,18,Tuesday,11541
1994,1,19,Wednesday,11257
1994,1,20,Thursday,11682
1994,1,21,Friday,11811
1994,1,22,Saturday,8833
1994,1,23,Sunday,8310
1994,1,24,Monday,11125
1994,1,25,Tuesday,11981
1994,1,26,Wednesday,11514
1994,1,27,Thursday,11702
1994,1,28,Friday,11666
1994,1,29,Saturday,8988
1994,1,30,Sunday,8096
1994,1,31,Monday,10765
1994,2,1,Tuesday,11755
1994,2,2,Wednesday,11483
1994,2,3,Thursday,11523
1994,2,4,Friday,11677
1994,2,5,Saturday,8991
1994,2,6,Sunday,8309
1994,2,7,Monday,10984
1994,2,8,Tuesday,12152
1994,2,9,Wednesday,11515
1994,2,10,Thursday,11623
1994,2,11,Friday,11517
1994,2,12,Saturday,8945
1994,2,13,Sunday,8171
1994,2,14,Monday,11551
1994,2,15,Tuesday,12164
1994,2,16,Wednesday,12009
1994,2,17,Thursday,11674
1994,2,18,Friday,11887
1994,2,19,Saturday,8946
1994,2,20,Sunday,8402
1994,2,21,Monday,10617
1994,2,22,Tuesday,11810
1994,2,23,Wednesday,11776
1994,2,24,Thursday,11667
1994,2,25,Friday,11905
1994,2,26,Saturday,8988
1994,2,27,Sunday,8195
1994,2,28,Monday,11091
1994,3,1,Tuesday,12127
1994,3,2,Wednesday,11735
1994,3,3,Thursday,11984
1994,3,4,Friday,12066
1994,3,5,Saturday,9215
1994,3,6,Sunday,8389
1994,3,7,Monday,10996
1994,3,8,Tuesday,12275
1994,3,9,Wednesday,11780
1994,3,10,Thursday,11792
1994,3,11,Friday,11939
1994,3,12,Saturday,9087
1994,3,13,Sunday,8248
1994,3,14,Monday,11092
1994,3,15,Tuesday,12298
1994,3,16,Wednesday,11865
1994,3,17,Thursday,11976
1994,3,18,Friday,11799
1994,3,19,Saturday,8944
1994,3,20,Sunday,8243
1994,3,21,Monday,11140
1994,3,22,Tuesday,11964
1994,3,23,Wednesday,11637
1994,3,24,Thursday,11904
1994,3,25,Friday,11568
1994,3,26,Saturday,8957
1994,3,27,Sunday,8189
1994,3,28,Monday,11051
1994,3,29,Tuesday,12154
1994,3,30,Wednesday,11540
1994,3,31,Thursday,11782
1994,4,1,Friday,10630
1994,4,2,Saturday,8782
1994,4,3,Sunday,7530
1994,4,4,Monday,10909
1994,4,5,Tuesday,11876
1994,4,6,Wednesday,11811
1994,4,7,Thursday,11718
1994,4,8,Friday,11532
1994,4,9,Saturday,8791
1994,4,10,Sunday,8183
1994,4,11,Monday,11060
1994,4,12,Tuesday,12146
1994,4,13,Wednesday,11428
1994,4,14,Thursday,11709
1994,4,15,Friday,11753
1994,4,16,Saturday,8790
1994,4,17,Sunday,7867
1994,4,18,Monday,11094
1994,4,19,Tuesday,11966
1994,4,20,Wednesday,11585
1994,4,21,Thursday,11509
1994,4,22,Friday,11553
1994,4,23,Saturday,8613
1994,4,24,Sunday,8089
1994,4,25,Monday,10909
1994,4,26,Tuesday,12236
1994,4,27,Wednesday,11701
1994,4,28,Thursday,11527
1994,4,29,Friday,11474
1994,4,30,Saturday,8621
1994,5,1,Sunday,8145
1994,5,2,Monday,11169
1994,5,3,Tuesday,12023
1994,5,4,Wednesday,11754
1994,5,5,Thursday,11958
1994,5,6,Friday,11904
1994,5,7,Saturday,8641
1994,5,8,Sunday,8203
1994,5,9,Monday,10914
1994,5,10,Tuesday,11771
1994,5,11,Wednesday,11278
1994,5,12,Thursday,11822
1994,5,13,Friday,11085
1994,5,14,Saturday,8830
1994,5,15,Sunday,8253
1994,5,16,Monday,11103
1994,5,17,Tuesday,12289
1994,5,18,Wednesday,11668
1994,5,19,Thursday,11411
1994,5,20,Friday,11645
1994,5,21,Saturday,8830
1994,5,22,Sunday,8449
1994,5,23,Monday,11434
1994,5,24,Tuesday,12562
1994,5,25,Wednesday,12005
1994,5,26,Thursday,11979
1994,5,27,Friday,12132
1994,5,28,Saturday,8840
1994,5,29,Sunday,8205
1994,5,30,Monday,8468
1994,5,31,Tuesday,11525
1994,6,1,Wednesday,12349
1994,6,2,Thursday,12166
1994,6,3,Friday,11799
1994,6,4,Saturday,9182
1994,6,5,Sunday,8289
1994,6,6,Monday,11130
1994,6,7,Tuesday,12145
1994,6,8,Wednesday,11784
1994,6,9,Thursday,11648
1994,6,10,Friday,12006
1994,6,11,Saturday,8618
1994,6,12,Sunday,8171
1994,6,13,Monday,10692
1994,6,14,Tuesday,12074
1994,6,15,Wednesday,11954
1994,6,16,Thursday,11852
1994,6,17,Friday,11744
1994,6,18,Saturday,8907
1994,6,19,Sunday,8302
1994,6,20,Monday,11337
1994,6,21,Tuesday,12182
1994,6,22,Wednesday,12213
1994,6,23,Thursday,11939
1994,6,24,Friday,11979
1994,6,25,Saturday,9047
1994,6,26,Sunday,8306
1994,6,27,Monday,11309
1994,6,28,Tuesday,12211
1994,6,29,Wednesday,12245
1994,6,30,Thursday,12157
1994,7,1,Friday,12454
1994,7,2,Saturday,9268
1994,7,3,Sunday,8298
1994,7,4,Monday,8564
1994,7,5,Tuesday,11609
1994,7,6,Wednesday,13086
1994,7,7,Thursday,13049
1994,7,8,Friday,12623
1994,7,9,Saturday,9325
1994,7,10,Sunday,8684
1994,7,11,Monday,11567
1994,7,12,Tuesday,12507
1994,7,13,Wednesday,12134
1994,7,14,Thursday,12485
1994,7,15,Friday,12691
1994,7,16,Saturday,9547
1994,7,17,Sunday,8848
1994,7,18,Monday,11561
1994,7,19,Tuesday,12583
1994,7,20,Wednesday,12378
1994,7,21,Thursday,12447
1994,7,22,Friday,12486
1994,7,23,Saturday,9463
1994,7,24,Sunday,8734
1994,7,25,Monday,11757
1994,7,26,Tuesday,12591
1994,7,27,Wednesday,12423
1994,7,28,Thursday,12539
1994,7,29,Friday,12231
1994,7,30,Saturday,9340
1994,7,31,Sunday,8590
1994,8,1,Monday,11428
1994,8,2,Tuesday,12622
1994,8,3,Wednesday,12147
1994,8,4,Thursday,12601
1994,8,5,Friday,12251
1994,8,6,Saturday,9336
1994,8,7,Sunday,8517
1994,8,8,Monday,11528
1994,8,9,Tuesday,12643
1994,8,10,Wednesday,12525
1994,8,11,Thursday,12147
1994,8,12,Friday,12479
1994,8,13,Saturday,9474
1994,8,14,Sunday,8926
1994,8,15,Monday,11391
1994,8,16,Tuesday,12605
1994,8,17,Wednesday,12344
1994,8,18,Thursday,12313
1994,8,19,Friday,12227
1994,8,20,Saturday,9646
1994,8,21,Sunday,8663
1994,8,22,Monday,11489
1994,8,23,Tuesday,12284
1994,8,24,Wednesday,12176
1994,8,25,Thursday,12076
1994,8,26,Friday,12122
1994,8,27,Saturday,9171
1994,8,28,Sunday,8779
1994,8,29,Monday,11560
1994,8,30,Tuesday,12431
1994,8,31,Wednesday,12272
1994,9,1,Thursday,12183
1994,9,2,Friday,12099
1994,9,3,Saturday,9042
1994,9,4,Sunday,8420
1994,9,5,Monday,8378
1994,9,6,Tuesday,11448
1994,9,7,Wednesday,12660
1994,9,8,Thursday,12693
1994,9,9,Friday,12811
1994,9,10,Saturday,9424
1994,9,11,Sunday,8373
1994,9,12,Monday,11500
1994,9,13,Tuesday,12560
1994,9,14,Wednesday,12566
1994,9,15,Thursday,12655
1994,9,16,Friday,12884
1994,9,17,Saturday,9779
1994,9,18,Sunday,8603
1994,9,19,Monday,11659
1994,9,20,Tuesday,12584
1994,9,21,Wednesday,12468
1994,9,22,Thursday,12590
1994,9,23,Friday,12522
1994,9,24,Saturday,9597
1994,9,25,Sunday,8754
1994,9,26,Monday,11597
1994,9,27,Tuesday,12591
1994,9,28,Wednesday,12405
1994,9,29,Thursday,12288
1994,9,30,Friday,12090
1994,10,1,Saturday,9351
1994,10,2,Sunday,8477
1994,10,3,Monday,11437
1994,10,4,Tuesday,12378
1994,10,5,Wednesday,12061
1994,10,6,Thursday,12017
1994,10,7,Friday,12050
1994,10,8,Saturday,8981
1994,10,9,Sunday,8038
1994,10,10,Monday,11110
1994,10,11,Tuesday,12236
1994,10,12,Wednesday,11846
1994,10,13,Thursday,11398
1994,10,14,Friday,11959
1994,10,15,Saturday,9077
1994,10,16,Sunday,8022
1994,10,17,Monday,11127
1994,10,18,Tuesday,11888
1994,10,19,Wednesday,11533
1994,10,20,Thursday,11876
1994,10,21,Friday,11562
1994,10,22,Saturday,9086
1994,10,23,Sunday,7914
1994,10,24,Monday,11068
1994,10,25,Tuesday,12019
1994,10,26,Wednesday,11683
1994,10,27,Thursday,11420
1994,10,28,Friday,11608
1994,10,29,Saturday,8855
1994,10,30,Sunday,8262
1994,10,31,Monday,9833
1994,11,1,Tuesday,12316
1994,11,2,Wednesday,11736
1994,11,3,Thursday,11703
1994,11,4,Friday,11956
1994,11,5,Saturday,8826
1994,11,6,Sunday,8100
1994,11,7,Monday,11283
1994,11,8,Tuesday,11999
1994,11,9,Wednesday,11811
1994,11,10,Thursday,11728
1994,11,11,Friday,11533
1994,11,12,Saturday,8672
1994,11,13,Sunday,8093
1994,11,14,Monday,11044
1994,11,15,Tuesday,11985
1994,11,16,Wednesday,11634
1994,11,17,Thursday,11703
1994,11,18,Friday,11826
1994,11,19,Saturday,8771
1994,11,20,Sunday,8133
1994,11,21,Monday,11807
1994,11,22,Tuesday,12764
1994,11,23,Wednesday,11332
1994,11,24,Thursday,8036
1994,11,25,Friday,9419
1994,11,26,Saturday,8427
1994,11,27,Sunday,7937
1994,11,28,Monday,11003
1994,11,29,Tuesday,12177
1994,11,30,Wednesday,11643
1994,12,1,Thursday,11681
1994,12,2,Friday,11379
1994,12,3,Saturday,8585
1994,12,4,Sunday,7980
1994,12,5,Monday,10772
1994,12,6,Tuesday,11923
1994,12,7,Wednesday,11335
1994,12,8,Thursday,11337
1994,12,9,Friday,11205
1994,12,10,Saturday,8461
1994,12,11,Sunday,7936
1994,12,12,Monday,11106
1994,12,13,Tuesday,11884
1994,12,14,Wednesday,11716
1994,12,15,Thursday,11962
1994,12,16,Friday,12144
1994,12,17,Saturday,8726
1994,12,18,Sunday,8130
1994,12,19,Monday,11502
1994,12,20,Tuesday,12880
1994,12,21,Wednesday,12391
1994,12,22,Thursday,11504
1994,12,23,Friday,10087
1994,12,24,Saturday,7898
1994,12,25,Sunday,7192
1994,12,26,Monday,8454
1994,12,27,Tuesday,11131
1994,12,28,Wednesday,12398
1994,12,29,Thursday,12189
1994,12,30,Friday,12051
1994,12,31,Saturday,8809
1995,1,1,Sunday,7828
1995,1,2,Monday,7883
1995,1,3,Tuesday,9999
1995,1,4,Wednesday,11315
1995,1,5,Thursday,11243
1995,1,6,Friday,11506
1995,1,7,Saturday,8681
1995,1,8,Sunday,7821
1995,1,9,Monday,10434
1995,1,10,Tuesday,11665
1995,1,11,Wednesday,11279
1995,1,12,Thursday,11416
1995,1,13,Friday,11071
1995,1,14,Saturday,8887
1995,1,15,Sunday,7988
1995,1,16,Monday,10417
1995,1,17,Tuesday,11345
1995,1,18,Wednesday,11252
1995,1,19,Thursday,11331
1995,1,20,Friday,11481
1995,1,21,Saturday,8746
1995,1,22,Sunday,7956
1995,1,23,Monday,10640
1995,1,24,Tuesday,11344
1995,1,25,Wednesday,11096
1995,1,26,Thursday,11380
1995,1,27,Friday,11340
1995,1,28,Saturday,8781
1995,1,29,Sunday,8009
1995,1,30,Monday,10515
1995,1,31,Tuesday,11364
1995,2,1,Wednesday,11279
1995,2,2,Thursday,11490
1995,2,3,Friday,11264
1995,2,4,Saturday,8769
1995,2,5,Sunday,8017
1995,2,6,Monday,10587
1995,2,7,Tuesday,11483
1995,2,8,Wednesday,11205
1995,2,9,Thursday,11282
1995,2,10,Friday,11615
1995,2,11,Saturday,8949
1995,2,12,Sunday,8007
1995,2,13,Monday,10351
1995,2,14,Tuesday,12454
1995,2,15,Wednesday,11828
1995,2,16,Thursday,11657
1995,2,17,Friday,11625
1995,2,18,Saturday,8788
1995,2,19,Sunday,8038
1995,2,20,Monday,10258
1995,2,21,Tuesday,11582
1995,2,22,Wednesday,11716
1995,2,23,Thursday,11786
1995,2,24,Friday,11671
1995,2,25,Saturday,8829
1995,2,26,Sunday,8183
1995,2,27,Monday,10702
1995,2,28,Tuesday,11679
1995,3,1,Wednesday,11540
1995,3,2,Thursday,11377
1995,3,3,Friday,11649
1995,3,4,Saturday,8807
1995,3,5,Sunday,7984
1995,3,6,Monday,10810
1995,3,7,Tuesday,12115
1995,3,8,Wednesday,11618
1995,3,9,Thursday,11380
1995,3,10,Friday,11827
1995,3,11,Saturday,8744
1995,3,12,Sunday,7859
1995,3,13,Monday,10609
1995,3,14,Tuesday,11750
1995,3,15,Wednesday,11736
1995,3,16,Thursday,11751
1995,3,17,Friday,11953
1995,3,18,Saturday,8538
1995,3,19,Sunday,7787
1995,3,20,Monday,10588
1995,3,21,Tuesday,11837
1995,3,22,Wednesday,11485
1995,3,23,Thursday,11435
1995,3,24,Friday,11329
1995,3,25,Saturday,8628
1995,3,26,Sunday,7614
1995,3,27,Monday,10541
1995,3,28,Tuesday,11563
1995,3,29,Wednesday,11125
1995,3,30,Thursday,11205
1995,3,31,Friday,11319
1995,4,1,Saturday,8398
1995,4,2,Sunday,7547
1995,4,3,Monday,10651
1995,4,4,Tuesday,11960
1995,4,5,Wednesday,11475
1995,4,6,Thursday,11429
1995,4,7,Friday,11587
1995,4,8,Saturday,8588
1995,4,9,Sunday,7839
1995,4,10,Monday,10930
1995,4,11,Tuesday,11939
1995,4,12,Wednesday,11750
1995,4,13,Thursday,11411
1995,4,14,Friday,10687
1995,4,15,Saturday,8492
1995,4,16,Sunday,7503
1995,4,17,Monday,10640
1995,4,18,Tuesday,11652
1995,4,19,Wednesday,11680
1995,4,20,Thursday,11504
1995,4,21,Friday,11445
1995,4,22,Saturday,8560
1995,4,23,Sunday,7749
1995,4,24,Monday,11014
1995,4,25,Tuesday,11811
1995,4,26,Wednesday,11551
1995,4,27,Thursday,11601
1995,4,28,Friday,11457
1995,4,29,Saturday,8492
1995,4,30,Sunday,7777
1995,5,1,Monday,11090
1995,5,2,Tuesday,12119
1995,5,3,Wednesday,11502
1995,5,4,Thursday,11800
1995,5,5,Friday,11718
1995,5,6,Saturday,8565
1995,5,7,Sunday,7965
1995,5,8,Monday,10790
1995,5,9,Tuesday,11728
1995,5,10,Wednesday,11723
1995,5,11,Thursday,11723
1995,5,12,Friday,11625
1995,5,13,Saturday,8802
1995,5,14,Sunday,8165
1995,5,15,Monday,11143
1995,5,16,Tuesday,12101
1995,5,17,Wednesday,12085
1995,5,18,Thursday,11872
1995,5,19,Friday,11692
1995,5,20,Saturday,8721
1995,5,21,Sunday,8096
1995,5,22,Monday,11250
1995,5,23,Tuesday,12539
1995,5,24,Wednesday,12193
1995,5,25,Thursday,12285
1995,5,26,Friday,12246
1995,5,27,Saturday,8795
1995,5,28,Sunday,8167
1995,5,29,Monday,8379
1995,5,30,Tuesday,11271
1995,5,31,Wednesday,12393
1995,6,1,Thursday,12243
1995,6,2,Friday,11991
1995,6,3,Saturday,9069
1995,6,4,Sunday,8059
1995,6,5,Monday,11152
1995,6,6,Tuesday,12119
1995,6,7,Wednesday,11774
1995,6,8,Thursday,12031
1995,6,9,Friday,11645
1995,6,10,Saturday,8719
1995,6,11,Sunday,8149
1995,6,12,Monday,11169
1995,6,13,Tuesday,11790
1995,6,14,Wednesday,11958
1995,6,15,Thursday,11906
1995,6,16,Friday,11856
1995,6,17,Saturday,8821
1995,6,18,Sunday,8203
1995,6,19,Monday,11223
1995,6,20,Tuesday,12395
1995,6,21,Wednesday,12049
1995,6,22,Thursday,11799
1995,6,23,Friday,11942
1995,6,24,Saturday,9065
1995,6,25,Sunday,8279
1995,6,26,Monday,11127
1995,6,27,Tuesday,12349
1995,6,28,Wednesday,12162
1995,6,29,Thursday,12423
1995,6,30,Friday,12338
1995,7,1,Saturday,9283
1995,7,2,Sunday,8256
1995,7,3,Monday,10623
1995,7,4,Tuesday,9374
1995,7,5,Wednesday,11399
1995,7,6,Thursday,12855
1995,7,7,Friday,12954
1995,7,8,Saturday,9438
1995,7,9,Sunday,8506
1995,7,10,Monday,11618
1995,7,11,Tuesday,12552
1995,7,12,Wednesday,12167
1995,7,13,Thursday,12253
1995,7,14,Friday,12659
1995,7,15,Saturday,9391
1995,7,16,Sunday,8516
1995,7,17,Monday,11461
1995,7,18,Tuesday,12495
1995,7,19,Wednesday,12129
1995,7,20,Thursday,12598
1995,7,21,Friday,12428
1995,7,22,Saturday,9328
1995,7,23,Sunday,8483
1995,7,24,Monday,11501
1995,7,25,Tuesday,12580
1995,7,26,Wednesday,12316
1995,7,27,Thursday,12309
1995,7,28,Friday,12442
1995,7,29,Saturday,9277
1995,7,30,Sunday,8384
1995,7,31,Monday,11298
1995,8,1,Tuesday,12442
1995,8,2,Wednesday,12249
1995,8,3,Thursday,12193
1995,8,4,Friday,12186
1995,8,5,Saturday,9267
1995,8,6,Sunday,8346
1995,8,7,Monday,11223
1995,8,8,Tuesday,12441
1995,8,9,Wednesday,12217
1995,8,10,Thursday,12243
1995,8,11,Friday,12154
1995,8,12,Saturday,9153
1995,8,13,Sunday,8421
1995,8,14,Monday,11297
1995,8,15,Tuesday,12760
1995,8,16,Wednesday,12244
1995,8,17,Thursday,12345
1995,8,18,Friday,12362
1995,8,19,Saturday,9265
1995,8,20,Sunday,8434
1995,8,21,Monday,11436
1995,8,22,Tuesday,12612
1995,8,23,Wednesday,12083
1995,8,24,Thursday,12381
1995,8,25,Friday,12208
1995,8,26,Saturday,9155
1995,8,27,Sunday,8509
1995,8,28,Monday,11473
1995,8,29,Tuesday,12522
1995,8,30,Wednesday,12631
1995,8,31,Thursday,12485
1995,9,1,Friday,12439
1995,9,2,Saturday,9079
1995,9,3,Sunday,8438
1995,9,4,Monday,8441
1995,9,5,Tuesday,11682
1995,9,6,Wednesday,12951
1995,9,7,Thursday,12924
1995,9,8,Friday,12939
1995,9,9,Saturday,9714
1995,9,10,Sunday,8568
1995,9,11,Monday,11480
1995,9,12,Tuesday,12583
1995,9,13,Wednesday,12173
1995,9,14,Thursday,12789
1995,9,15,Friday,13023
1995,9,16,Saturday,9535
1995,9,17,Sunday,8757
1995,9,18,Monday,11729
1995,9,19,Tuesday,12692
1995,9,20,Wednesday,12571
1995,9,21,Thursday,12663
1995,9,22,Friday,12813
1995,9,23,Saturday,9341
1995,9,24,Sunday,8659
1995,9,25,Monday,11552
1995,9,26,Tuesday,12814
1995,9,27,Wednesday,12605
1995,9,28,Thursday,12845
1995,9,29,Friday,12316
1995,9,30,Saturday,8988
1995,10,1,Sunday,8545
1995,10,2,Monday,11650
1995,10,3,Tuesday,12375
1995,10,4,Wednesday,12016
1995,10,5,Thursday,12245
1995,10,6,Friday,12081
1995,10,7,Saturday,9048
1995,10,8,Sunday,7997
1995,10,9,Monday,10892
1995,10,10,Tuesday,12273
1995,10,11,Wednesday,11843
1995,10,12,Thursday,12002
1995,10,13,Friday,11078
1995,10,14,Saturday,8920
1995,10,15,Sunday,7996
1995,10,16,Monday,10840
1995,10,17,Tuesday,11974
1995,10,18,Wednesday,11693
1995,10,19,Thursday,11463
1995,10,20,Friday,11610
1995,10,21,Saturday,8673
1995,10,22,Sunday,7827
1995,10,23,Monday,10770
1995,10,24,Tuesday,11916
1995,10,25,Wednesday,11573
1995,10,26,Thursday,11534
1995,10,27,Friday,11449
1995,10,28,Saturday,8633
1995,10,29,Sunday,7876
1995,10,30,Monday,10480
1995,10,31,Tuesday,10740
1995,11,1,Wednesday,11702
1995,11,2,Thursday,11746
1995,11,3,Friday,11368
1995,11,4,Saturday,8438
1995,11,5,Sunday,7868
1995,11,6,Monday,10809
1995,11,7,Tuesday,12038
1995,11,8,Wednesday,11702
1995,11,9,Thursday,11441
1995,11,10,Friday,11246
1995,11,11,Saturday,8522
1995,11,12,Sunday,7891
1995,11,13,Monday,10534
1995,11,14,Tuesday,11455
1995,11,15,Wednesday,11629
1995,11,16,Thursday,11436
1995,11,17,Friday,11410
1995,11,18,Saturday,8493
1995,11,19,Sunday,7772
1995,11,20,Monday,11476
1995,11,21,Tuesday,12503
1995,11,22,Wednesday,11304
1995,11,23,Thursday,7754
1995,11,24,Friday,9125
1995,11,25,Saturday,8115
1995,11,26,Sunday,7500
1995,11,27,Monday,10979
1995,11,28,Tuesday,12002
1995,11,29,Wednesday,11344
1995,11,30,Thursday,11215
1995,12,1,Friday,11206
1995,12,2,Saturday,8429
1995,12,3,Sunday,7703
1995,12,4,Monday,10346
1995,12,5,Tuesday,11676
1995,12,6,Wednesday,11188
1995,12,7,Thursday,11242
1995,12,8,Friday,11166
1995,12,9,Saturday,8201
1995,12,10,Sunday,7595
1995,12,11,Monday,10429
1995,12,12,Tuesday,11784
1995,12,13,Wednesday,11191
1995,12,14,Thursday,11403
1995,12,15,Friday,11458
1995,12,16,Saturday,8509
1995,12,17,Sunday,7759
1995,12,18,Monday,11139
1995,12,19,Tuesday,12501
1995,12,20,Wednesday,12043
1995,12,21,Thursday,11944
1995,12,22,Friday,11204
1995,12,23,Saturday,8058
1995,12,24,Sunday,6999
1995,12,25,Monday,7027
1995,12,26,Tuesday,9447
1995,12,27,Wednesday,11897
1995,12,28,Thursday,12530
1995,12,29,Friday,12207
1995,12,30,Saturday,9093
1995,12,31,Sunday,7596
1996,1,1,Monday,7683
1996,1,2,Tuesday,9408
1996,1,3,Wednesday,10954
1996,1,4,Thursday,11308
1996,1,5,Friday,11631
1996,1,6,Saturday,8680
1996,1,7,Sunday,7735
1996,1,8,Monday,10044
1996,1,9,Tuesday,11018
1996,1,10,Wednesday,11144
1996,1,11,Thursday,11304
1996,1,12,Friday,11274
1996,1,13,Saturday,8488
1996,1,14,Sunday,7685
1996,1,15,Monday,9912
1996,1,16,Tuesday,11181
1996,1,17,Wednesday,11148
1996,1,18,Thursday,11579
1996,1,19,Friday,11292
1996,1,20,Saturday,8492
1996,1,21,Sunday,7701
1996,1,22,Monday,10593
1996,1,23,Tuesday,11451
1996,1,24,Wednesday,11336
1996,1,25,Thursday,11405
1996,1,26,Friday,11195
1996,1,27,Saturday,8487
1996,1,28,Sunday,7533
1996,1,29,Monday,10374
1996,1,30,Tuesday,11359
1996,1,31,Wednesday,10889
1996,2,1,Thursday,11030
1996,2,2,Friday,11335
1996,2,3,Saturday,8390
1996,2,4,Sunday,7531
1996,2,5,Monday,10364
1996,2,6,Tuesday,11360
1996,2,7,Wednesday,11204
1996,2,8,Thursday,11529
1996,2,9,Friday,11577
1996,2,10,Saturday,8578
1996,2,11,Sunday,7710
1996,2,12,Monday,10542
1996,2,13,Tuesday,11322
1996,2,14,Wednesday,12094
1996,2,15,Thursday,11820
1996,2,16,Friday,11666
1996,2,17,Saturday,8465
1996,2,18,Sunday,7763
1996,2,19,Monday,10036
1996,2,20,Tuesday,11598
1996,2,21,Wednesday,11554
1996,2,22,Thursday,11697
1996,2,23,Friday,11415
1996,2,24,Saturday,8692
1996,2,25,Sunday,7917
1996,2,26,Monday,10693
1996,2,27,Tuesday,11761
1996,2,28,Wednesday,11428
1996,2,29,Thursday,10692
1996,3,1,Friday,11785
1996,3,2,Saturday,8719
1996,3,3,Sunday,7885
1996,3,4,Monday,10586
1996,3,5,Tuesday,11475
1996,3,6,Wednesday,11535
1996,3,7,Thursday,11446
1996,3,8,Friday,11272
1996,3,9,Saturday,8611
1996,3,10,Sunday,7512
1996,3,11,Monday,10668
1996,3,12,Tuesday,11623
1996,3,13,Wednesday,11338
1996,3,14,Thursday,11578
1996,3,15,Friday,11860
1996,3,16,Saturday,8691
1996,3,17,Sunday,8010
1996,3,18,Monday,10812
1996,3,19,Tuesday,11764
1996,3,20,Wednesday,11482
1996,3,21,Thursday,11653
1996,3,22,Friday,11727
1996,3,23,Saturday,8534
1996,3,24,Sunday,8002
1996,3,25,Monday,10662
1996,3,26,Tuesday,11764
1996,3,27,Wednesday,11532
1996,3,28,Thursday,11728
1996,3,29,Friday,11659
1996,3,30,Saturday,8712
1996,3,31,Sunday,7956
1996,4,1,Monday,10173
1996,4,2,Tuesday,12055
1996,4,3,Wednesday,11622
1996,4,4,Thursday,11881
1996,4,5,Friday,10985
1996,4,6,Saturday,8354
1996,4,7,Sunday,7372
1996,4,8,Monday,10659
1996,4,9,Tuesday,11631
1996,4,10,Wednesday,11429
1996,4,11,Thursday,11489
1996,4,12,Friday,11462
1996,4,13,Saturday,8565
1996,4,14,Sunday,7687
1996,4,15,Monday,10548
1996,4,16,Tuesday,11754
1996,4,17,Wednesday,11554
1996,4,18,Thursday,11282
1996,4,19,Friday,11438
1996,4,20,Saturday,8451
1996,4,21,Sunday,7789
1996,4,22,Monday,10957
1996,4,23,Tuesday,11979
1996,4,24,Wednesday,11342
1996,4,25,Thursday,11340
1996,4,26,Friday,11070
1996,4,27,Saturday,8444
1996,4,28,Sunday,7567
1996,4,29,Monday,10325
1996,4,30,Tuesday,11391
1996,5,1,Wednesday,11390
1996,5,2,Thursday,11397
1996,5,3,Friday,11011
1996,5,4,Saturday,8483
1996,5,5,Sunday,7821
1996,5,6,Monday,10585
1996,5,7,Tuesday,11567
1996,5,8,Wednesday,11403
1996,5,9,Thursday,11404
1996,5,10,Friday,11471
1996,5,11,Saturday,8495
1996,5,12,Sunday,7758
1996,5,13,Monday,10291
1996,5,14,Tuesday,11757
1996,5,15,Wednesday,11619
1996,5,16,Thursday,11637
1996,5,17,Friday,11370
1996,5,18,Saturday,8696
1996,5,19,Sunday,7906
1996,5,20,Monday,11073
1996,5,21,Tuesday,11962
1996,5,22,Wednesday,11733
1996,5,23,Thursday,11511
1996,5,24,Friday,11835
1996,5,25,Saturday,8666
1996,5,26,Sunday,7746
1996,5,27,Monday,8034
1996,5,28,Tuesday,11151
1996,5,29,Wednesday,12119
1996,5,30,Thursday,11964
1996,5,31,Friday,11853
1996,6,1,Saturday,8866
1996,6,2,Sunday,7962
1996,6,3,Monday,10916
1996,6,4,Tuesday,11783
1996,6,5,Wednesday,11695
1996,6,6,Thursday,11849
1996,6,7,Friday,11750
1996,6,8,Saturday,8739
1996,6,9,Sunday,8013
1996,6,10,Monday,10927
1996,6,11,Tuesday,11978
1996,6,12,Wednesday,11710
1996,6,13,Thursday,11521
1996,6,14,Friday,11644
1996,6,15,Saturday,8783
1996,6,16,Sunday,8004
1996,6,17,Monday,10981
1996,6,18,Tuesday,12105
1996,6,19,Wednesday,11779
1996,6,20,Thursday,12052
1996,6,21,Friday,11759
1996,6,22,Saturday,8946
1996,6,23,Sunday,8128
1996,6,24,Monday,11080
1996,6,25,Tuesday,12150
1996,6,26,Wednesday,12154
1996,6,27,Thursday,11957
1996,6,28,Friday,12057
1996,6,29,Saturday,8956
1996,6,30,Sunday,8281
1996,7,1,Monday,11779
1996,7,2,Tuesday,13167
1996,7,3,Wednesday,12563
1996,7,4,Thursday,9358
1996,7,5,Friday,10823
1996,7,6,Saturday,9044
1996,7,7,Sunday,8248
1996,7,8,Monday,11385
1996,7,9,Tuesday,12623
1996,7,10,Wednesday,12362
1996,7,11,Thursday,12256
1996,7,12,Friday,11976
1996,7,13,Saturday,9152
1996,7,14,Sunday,8358
1996,7,15,Monday,11421
1996,7,16,Tuesday,12619
1996,7,17,Wednesday,12660
1996,7,18,Thursday,12247
1996,7,19,Friday,12049
1996,7,20,Saturday,9107
1996,7,21,Sunday,8349
1996,7,22,Monday,11164
1996,7,23,Tuesday,12731
1996,7,24,Wednesday,12214
1996,7,25,Thursday,12307
1996,7,26,Friday,12082
1996,7,27,Saturday,9012
1996,7,28,Sunday,8227
1996,7,29,Monday,11232
1996,7,30,Tuesday,12519
1996,7,31,Wednesday,12128
1996,8,1,Thursday,12153
1996,8,2,Friday,12088
1996,8,3,Saturday,9174
1996,8,4,Sunday,8327
1996,8,5,Monday,11268
1996,8,6,Tuesday,12508
1996,8,7,Wednesday,12277
1996,8,8,Thursday,12385
1996,8,9,Friday,12167
1996,8,10,Saturday,9175
1996,8,11,Sunday,8310
1996,8,12,Monday,11499
1996,8,13,Tuesday,12407
1996,8,14,Wednesday,12294
1996,8,15,Thursday,12180
1996,8,16,Friday,12419
1996,8,17,Saturday,9290
1996,8,18,Sunday,8305
1996,8,19,Monday,11392
1996,8,20,Tuesday,12270
1996,8,21,Wednesday,12338
1996,8,22,Thursday,12291
1996,8,23,Friday,12213
1996,8,24,Saturday,9130
1996,8,25,Sunday,8212
1996,8,26,Monday,11201
1996,8,27,Tuesday,12573
1996,8,28,Wednesday,12339
1996,8,29,Thursday,12509
1996,8,30,Friday,12479
1996,8,31,Saturday,9144
1996,9,1,Sunday,8250
1996,9,2,Monday,8331
1996,9,3,Tuesday,11506
1996,9,4,Wednesday,12970
1996,9,5,Thursday,12657
1996,9,6,Friday,12629
1996,9,7,Saturday,9396
1996,9,8,Sunday,8354
1996,9,9,Monday,11543
1996,9,10,Tuesday,12662
1996,9,11,Wednesday,12420
1996,9,12,Thursday,12486
1996,9,13,Friday,12019
1996,9,14,Saturday,9323
1996,9,15,Sunday,8561
1996,9,16,Monday,12107
1996,9,17,Tuesday,13063
1996,9,18,Wednesday,12630
1996,9,19,Thursday,12535
1996,9,20,Friday,12754
1996,9,21,Saturday,9492
1996,9,22,Sunday,8694
1996,9,23,Monday,11605
1996,9,24,Tuesday,12910
1996,9,25,Wednesday,12768
1996,9,26,Thursday,12684
1996,9,27,Friday,12756
1996,9,28,Saturday,9359
1996,9,29,Sunday,8393
1996,9,30,Monday,11491
1996,10,1,Tuesday,12851
1996,10,2,Wednesday,12347
1996,10,3,Thursday,12248
1996,10,4,Friday,12224
1996,10,5,Saturday,8900
1996,10,6,Sunday,7960
1996,10,7,Monday,11186
1996,10,8,Tuesday,12311
1996,10,9,Wednesday,12069
1996,10,10,Thursday,12157
1996,10,11,Friday,11582
1996,10,12,Saturday,8710
1996,10,13,Sunday,7970
1996,10,14,Monday,10770
1996,10,15,Tuesday,12272
1996,10,16,Wednesday,11894
1996,10,17,Thursday,11764
1996,10,18,Friday,11495
1996,10,19,Saturday,8459
1996,10,20,Sunday,7786
1996,10,21,Monday,10790
1996,10,22,Tuesday,11857
1996,10,23,Wednesday,11807
1996,10,24,Thursday,11538
1996,10,25,Friday,11618
1996,10,26,Saturday,8695
1996,10,27,Sunday,8061
1996,10,28,Monday,10846
1996,10,29,Tuesday,12054
1996,10,30,Wednesday,11812
1996,10,31,Thursday,10313
1996,11,1,Friday,11717
1996,11,2,Saturday,8614
1996,11,3,Sunday,7753
1996,11,4,Monday,10846
1996,11,5,Tuesday,12019
1996,11,6,Wednesday,11575
1996,11,7,Thursday,11854
1996,11,8,Friday,11880
1996,11,9,Saturday,8780
1996,11,10,Sunday,7666
1996,11,11,Monday,10586
1996,11,12,Tuesday,11687
1996,11,13,Wednesday,11065
1996,11,14,Thursday,11516
1996,11,15,Friday,11523
1996,11,16,Saturday,8562
1996,11,17,Sunday,7808
1996,11,18,Monday,10712
1996,11,19,Tuesday,12001
1996,11,20,Wednesday,11557
1996,11,21,Thursday,11617
1996,11,22,Friday,11713
1996,11,23,Saturday,8535
1996,11,24,Sunday,7452
1996,11,25,Monday,11352
1996,11,26,Tuesday,12451
1996,11,27,Wednesday,11169
1996,11,28,Thursday,7770
1996,11,29,Friday,9302
1996,11,30,Saturday,8315
1996,12,1,Sunday,7929
1996,12,2,Monday,10969
1996,12,3,Tuesday,12123
1996,12,4,Wednesday,11837
1996,12,5,Thursday,11587
1996,12,6,Friday,11547
1996,12,7,Saturday,8505
1996,12,8,Sunday,7730
1996,12,9,Monday,10642
1996,12,10,Tuesday,11900
1996,12,11,Wednesday,11521
1996,12,12,Thursday,11845
1996,12,13,Friday,10623
1996,12,14,Saturday,8618
1996,12,15,Sunday,7717
1996,12,16,Monday,11193
1996,12,17,Tuesday,12379
1996,12,18,Wednesday,12116
1996,12,19,Thursday,12181
1996,12,20,Friday,12552
1996,12,21,Saturday,8684
1996,12,22,Sunday,7749
1996,12,23,Monday,10604
1996,12,24,Tuesday,9114
1996,12,25,Wednesday,7092
1996,12,26,Thursday,10321
1996,12,27,Friday,12260
1996,12,28,Saturday,9103
1996,12,29,Sunday,8193
1996,12,30,Monday,11911
1996,12,31,Tuesday,11924
1997,1,1,Wednesday,8349
1997,1,2,Thursday,9914
1997,1,3,Friday,11196
1997,1,4,Saturday,8617
1997,1,5,Sunday,7657
1997,1,6,Monday,10456
1997,1,7,Tuesday,11615
1997,1,8,Wednesday,10872
1997,1,9,Thursday,10981
1997,1,10,Friday,11545
1997,1,11,Saturday,8368
1997,1,12,Sunday,7524
1997,1,13,Monday,10267
1997,1,14,Tuesday,11502
1997,1,15,Wednesday,11319
1997,1,16,Thursday,11311
1997,1,17,Friday,11321
1997,1,18,Saturday,8340
1997,1,19,Sunday,7527
1997,1,20,Monday,10444
1997,1,21,Tuesday,11536
1997,1,22,Wednesday,11508
1997,1,23,Thursday,11511
1997,1,24,Friday,11410
1997,1,25,Saturday,8634
1997,1,26,Sunday,7526
1997,1,27,Monday,10527
1997,1,28,Tuesday,11661
1997,1,29,Wednesday,11084
1997,1,30,Thursday,11171
1997,1,31,Friday,11518
1997,2,1,Saturday,8488
1997,2,2,Sunday,7706
1997,2,3,Monday,10596
1997,2,4,Tuesday,11621
1997,2,5,Wednesday,11291
1997,2,6,Thursday,11228
1997,2,7,Friday,11538
1997,2,8,Saturday,8411
1997,2,9,Sunday,7566
1997,2,10,Monday,10778
1997,2,11,Tuesday,11734
1997,2,12,Wednesday,11548
1997,2,13,Thursday,11288
1997,2,14,Friday,12321
1997,2,15,Saturday,8805
1997,2,16,Sunday,7670
1997,2,17,Monday,10023
1997,2,18,Tuesday,11126
1997,2,19,Wednesday,11574
1997,2,20,Thursday,11571
1997,2,21,Friday,11458
1997,2,22,Saturday,8845
1997,2,23,Sunday,7553
1997,2,24,Monday,10481
1997,2,25,Tuesday,11566
1997,2,26,Wednesday,11573
1997,2,27,Thursday,11666
1997,2,28,Friday,11516
1997,3,1,Saturday,8589
1997,3,2,Sunday,7681
1997,3,3,Monday,10837
1997,3,4,Tuesday,11909
1997,3,5,Wednesday,11570
1997,3,6,Thursday,11523
1997,3,7,Friday,11571
1997,3,8,Saturday,8700
1997,3,9,Sunday,7649
1997,3,10,Monday,10691
1997,3,11,Tuesday,11944
1997,3,12,Wednesday,11661
1997,3,13,Thursday,11397
1997,3,14,Friday,11573
1997,3,15,Saturday,8521
1997,3,16,Sunday,7617
1997,3,17,Monday,10881
1997,3,18,Tuesday,11726
1997,3,19,Wednesday,11550
1997,3,20,Thursday,11634
1997,3,21,Friday,11846
1997,3,22,Saturday,8641
1997,3,23,Sunday,7594
1997,3,24,Monday,10903
1997,3,25,Tuesday,12160
1997,3,26,Wednesday,11845
1997,3,27,Thursday,11745
1997,3,28,Friday,11184
1997,3,29,Saturday,8329
1997,3,30,Sunday,7458
1997,3,31,Monday,10283
1997,4,1,Tuesday,10799
1997,4,2,Wednesday,11662
1997,4,3,Thursday,11669
1997,4,4,Friday,11657
1997,4,5,Saturday,8576
1997,4,6,Sunday,7207
1997,4,7,Monday,10726
1997,4,8,Tuesday,11840
1997,4,9,Wednesday,11356
1997,4,10,Thursday,11499
1997,4,11,Friday,11348
1997,4,12,Saturday,8444
1997,4,13,Sunday,7559
1997,4,14,Monday,10620
1997,4,15,Tuesday,11714
1997,4,16,Wednesday,11652
1997,4,17,Thursday,11743
1997,4,18,Friday,11560
1997,4,19,Saturday,8497
1997,4,20,Sunday,7673
1997,4,21,Monday,10793
1997,4,22,Tuesday,11979
1997,4,23,Wednesday,11783
1997,4,24,Thursday,11755
1997,4,25,Friday,11295
1997,4,26,Saturday,8285
1997,4,27,Sunday,7410
1997,4,28,Monday,10265
1997,4,29,Tuesday,11518
1997,4,30,Wednesday,11346
1997,5,1,Thursday,11608
1997,5,2,Friday,11686
1997,5,3,Saturday,8502
1997,5,4,Sunday,7868
1997,5,5,Monday,10982
1997,5,6,Tuesday,11855
1997,5,7,Wednesday,11781
1997,5,8,Thursday,11861
1997,5,9,Friday,11701
1997,5,10,Saturday,8568
1997,5,11,Sunday,7493
1997,5,12,Monday,11247
1997,5,13,Tuesday,12031
1997,5,14,Wednesday,11703
1997,5,15,Thursday,12109
1997,5,16,Friday,11749
1997,5,17,Saturday,8493
1997,5,18,Sunday,7845
1997,5,19,Monday,11189
1997,5,20,Tuesday,12346
1997,5,21,Wednesday,11910
1997,5,22,Thursday,12023
1997,5,23,Friday,12212
1997,5,24,Saturday,8756
1997,5,25,Sunday,7873
1997,5,26,Monday,8079
1997,5,27,Tuesday,11045
1997,5,28,Wednesday,12545
1997,5,29,Thursday,12357
1997,5,30,Friday,12061
1997,5,31,Saturday,8853
1997,6,1,Sunday,7763
1997,6,2,Monday,10716
1997,6,3,Tuesday,12037
1997,6,4,Wednesday,11794
1997,6,5,Thursday,11826
1997,6,6,Friday,11938
1997,6,7,Saturday,8678
1997,6,8,Sunday,7578
1997,6,9,Monday,10854
1997,6,10,Tuesday,12251
1997,6,11,Wednesday,12075
1997,6,12,Thursday,11882
1997,6,13,Friday,11214
1997,6,14,Saturday,8835
1997,6,15,Sunday,7777
1997,6,16,Monday,11212
1997,6,17,Tuesday,12190
1997,6,18,Wednesday,11875
1997,6,19,Thursday,12012
1997,6,20,Friday,12192
1997,6,21,Saturday,8751
1997,6,22,Sunday,8199
1997,6,23,Monday,11031
1997,6,24,Tuesday,12511
1997,6,25,Wednesday,12264
1997,6,26,Thursday,12291
1997,6,27,Friday,11916
1997,6,28,Saturday,9184
1997,6,29,Sunday,7823
1997,6,30,Monday,11198
1997,7,1,Tuesday,13003
1997,7,2,Wednesday,12820
1997,7,3,Thursday,12433
1997,7,4,Friday,9445
1997,7,5,Saturday,8255
1997,7,6,Sunday,7860
1997,7,7,Monday,11501
1997,7,8,Tuesday,12927
1997,7,9,Wednesday,12292
1997,7,10,Thursday,12451
1997,7,11,Friday,12132
1997,7,12,Saturday,8841
1997,7,13,Sunday,8092
1997,7,14,Monday,11198
1997,7,15,Tuesday,12625
1997,7,16,Wednesday,12474
1997,7,17,Thursday,12552
1997,7,18,Friday,12101
1997,7,19,Saturday,9055
1997,7,20,Sunday,7973
1997,7,21,Monday,11410
1997,7,22,Tuesday,12928
1997,7,23,Wednesday,12319
1997,7,24,Thursday,11988
1997,7,25,Friday,12178
1997,7,26,Saturday,8939
1997,7,27,Sunday,8213
1997,7,28,Monday,11465
1997,7,29,Tuesday,12482
1997,7,30,Wednesday,12356
1997,7,31,Thursday,12198
1997,8,1,Friday,12084
1997,8,2,Saturday,8775
1997,8,3,Sunday,8044
1997,8,4,Monday,11189
1997,8,5,Tuesday,12585
1997,8,6,Wednesday,12046
1997,8,7,Thursday,12141
1997,8,8,Friday,12110
1997,8,9,Saturday,8876
1997,8,10,Sunday,8174
1997,8,11,Monday,11274
1997,8,12,Tuesday,12632
1997,8,13,Wednesday,11963
1997,8,14,Thursday,12342
1997,8,15,Friday,12240
1997,8,16,Saturday,9066
1997,8,17,Sunday,8125
1997,8,18,Monday,11387
1997,8,19,Tuesday,12479
1997,8,20,Wednesday,12394
1997,8,21,Thursday,12121
1997,8,22,Friday,12081
1997,8,23,Saturday,8950
1997,8,24,Sunday,8053
1997,8,25,Monday,11094
1997,8,26,Tuesday,12577
1997,8,27,Wednesday,12270
1997,8,28,Thursday,12475
1997,8,29,Friday,12422
1997,8,30,Saturday,9078
1997,8,31,Sunday,8075
1997,9,1,Monday,8116
1997,9,2,Tuesday,11307
1997,9,3,Wednesday,12720
1997,9,4,Thursday,12462
1997,9,5,Friday,12454
1997,9,6,Saturday,9074
1997,9,7,Sunday,8281
1997,9,8,Monday,11244
1997,9,9,Tuesday,12457
1997,9,10,Wednesday,12182
1997,9,11,Thursday,12467
1997,9,12,Friday,12394
1997,9,13,Saturday,9053
1997,9,14,Sunday,8265
1997,9,15,Monday,11584
1997,9,16,Tuesday,12891
1997,9,17,Wednesday,12793
1997,9,18,Thursday,12372
1997,9,19,Friday,12560
1997,9,20,Saturday,8968
1997,9,21,Sunday,8253
1997,9,22,Monday,11474
1997,9,23,Tuesday,12621
1997,9,24,Wednesday,12193
1997,9,25,Thursday,12132
1997,9,26,Friday,12057
1997,9,27,Saturday,9119
1997,9,28,Sunday,8104
1997,9,29,Monday,11453
1997,9,30,Tuesday,12550
1997,10,1,Wednesday,12161
1997,10,2,Thursday,11903
1997,10,3,Friday,11939
1997,10,4,Saturday,8787
1997,10,5,Sunday,7726
1997,10,6,Monday,11123
1997,10,7,Tuesday,12261
1997,10,8,Wednesday,11689
1997,10,9,Thursday,11623
1997,10,10,Friday,11627
1997,10,11,Saturday,8489
1997,10,12,Sunday,7358
1997,10,13,Monday,10180
1997,10,14,Tuesday,11859
1997,10,15,Wednesday,11450
1997,10,16,Thursday,11481
1997,10,17,Friday,11451
1997,10,18,Saturday,8393
1997,10,19,Sunday,7604
1997,10,20,Monday,10782
1997,10,21,Tuesday,11957
1997,10,22,Wednesday,11490
1997,10,23,Thursday,11561
1997,10,24,Friday,11607
1997,10,25,Saturday,8438
1997,10,26,Sunday,8000
1997,10,27,Monday,10824
1997,10,28,Tuesday,11753
1997,10,29,Wednesday,11593
1997,10,30,Thursday,11406
1997,10,31,Friday,10142
1997,11,1,Saturday,8706
1997,11,2,Sunday,7884
1997,11,3,Monday,10909
1997,11,4,Tuesday,12210
1997,11,5,Wednesday,11704
1997,11,6,Thursday,11608
1997,11,7,Friday,11624
1997,11,8,Saturday,8577
1997,11,9,Sunday,7794
1997,11,10,Monday,10796
1997,11,11,Tuesday,12022
1997,11,12,Wednesday,11485
1997,11,13,Thursday,11233
1997,11,14,Friday,11615
1997,11,15,Saturday,8483
1997,11,16,Sunday,7757
1997,11,17,Monday,10945
1997,11,18,Tuesday,12014
1997,11,19,Wednesday,11529
1997,11,20,Thursday,11754
1997,11,21,Friday,11930
1997,11,22,Saturday,8769
1997,11,23,Sunday,7803
1997,11,24,Monday,11583
1997,11,25,Tuesday,12618
1997,11,26,Wednesday,11216
1997,11,27,Thursday,7680
1997,11,28,Friday,9172
1997,11,29,Saturday,8269
1997,11,30,Sunday,7593
1997,12,1,Monday,11195
1997,12,2,Tuesday,12509
1997,12,3,Wednesday,11997
1997,12,4,Thursday,11810
1997,12,5,Friday,11385
1997,12,6,Saturday,8316
1997,12,7,Sunday,7608
1997,12,8,Monday,10696
1997,12,9,Tuesday,11825
1997,12,10,Wednesday,11555
1997,12,11,Thursday,11431
1997,12,12,Friday,11380
1997,12,13,Saturday,8178
1997,12,14,Sunday,7504
1997,12,15,Monday,11054
1997,12,16,Tuesday,12506
1997,12,17,Wednesday,12199
1997,12,18,Thursday,12543
1997,12,19,Friday,12543
1997,12,20,Saturday,8997
1997,12,21,Sunday,7675
1997,12,22,Monday,12021
1997,12,23,Tuesday,12061
1997,12,24,Wednesday,9129
1997,12,25,Thursday,7055
1997,12,26,Friday,10075
1997,12,27,Saturday,8679
1997,12,28,Sunday,7864
1997,12,29,Monday,12206
1997,12,30,Tuesday,13521
1997,12,31,Wednesday,11818
1998,1,1,Thursday,8213
1998,1,2,Friday,9784
1998,1,3,Saturday,8437
1998,1,4,Sunday,7807
1998,1,5,Monday,10556
1998,1,6,Tuesday,11843
1998,1,7,Wednesday,11428
1998,1,8,Thursday,11526
1998,1,9,Friday,11469
1998,1,10,Saturday,8612
1998,1,11,Sunday,7642
1998,1,12,Monday,10553
1998,1,13,Tuesday,11850
1998,1,14,Wednesday,11542
1998,1,15,Thursday,11491
1998,1,16,Friday,11535
1998,1,17,Saturday,8698
1998,1,18,Sunday,7690
1998,1,19,Monday,10325
1998,1,20,Tuesday,11806
1998,1,21,Wednesday,11650
1998,1,22,Thursday,11680
1998,1,23,Friday,11389
1998,1,24,Saturday,8525
1998,1,25,Sunday,7586
1998,1,26,Monday,10771
1998,1,27,Tuesday,11813
1998,1,28,Wednesday,11483
1998,1,29,Thursday,11513
1998,1,30,Friday,11616
1998,1,31,Saturday,8507
1998,2,1,Sunday,7650
1998,2,2,Monday,10867
1998,2,3,Tuesday,11659
1998,2,4,Wednesday,11745
1998,2,5,Thursday,11529
1998,2,6,Friday,11573
1998,2,7,Saturday,8567
1998,2,8,Sunday,7952
1998,2,9,Monday,11113
1998,2,10,Tuesday,12166
1998,2,11,Wednesday,11752
1998,2,12,Thursday,12329
1998,2,13,Friday,11203
1998,2,14,Saturday,9112
1998,2,15,Sunday,7957
1998,2,16,Monday,10471
1998,2,17,Tuesday,11923
1998,2,18,Wednesday,12022
1998,2,19,Thursday,11802
1998,2,20,Friday,11879
1998,2,21,Saturday,8759
1998,2,22,Sunday,7779
1998,2,23,Monday,10871
1998,2,24,Tuesday,12185
1998,2,25,Wednesday,11815
1998,2,26,Thursday,11817
1998,2,27,Friday,11536
1998,2,28,Saturday,8678
1998,3,1,Sunday,7798
1998,3,2,Monday,11019
1998,3,3,Tuesday,12180
1998,3,4,Wednesday,11740
1998,3,5,Thursday,12046
1998,3,6,Friday,11811
1998,3,7,Saturday,8510
1998,3,8,Sunday,7699
1998,3,9,Monday,10801
1998,3,10,Tuesday,12150
1998,3,11,Wednesday,11752
1998,3,12,Thursday,11883
1998,3,13,Friday,11120
1998,3,14,Saturday,8697
1998,3,15,Sunday,7808
1998,3,16,Monday,10836
1998,3,17,Tuesday,12343
1998,3,18,Wednesday,11918
1998,3,19,Thursday,11728
1998,3,20,Friday,11703
1998,3,21,Saturday,8730
1998,3,22,Sunday,7625
1998,3,23,Monday,10779
1998,3,24,Tuesday,11960
1998,3,25,Wednesday,11757
1998,3,26,Thursday,11983
1998,3,27,Friday,11715
1998,3,28,Saturday,8399
1998,3,29,Sunday,7831
1998,3,30,Monday,10990
1998,3,31,Tuesday,12125
1998,4,1,Wednesday,10992
1998,4,2,Thursday,11944
1998,4,3,Friday,11976
1998,4,4,Saturday,8715
1998,4,5,Sunday,7240
1998,4,6,Monday,10904
1998,4,7,Tuesday,12255
1998,4,8,Wednesday,11992
1998,4,9,Thursday,11868
1998,4,10,Friday,11118
1998,4,11,Saturday,8437
1998,4,12,Sunday,7330
1998,4,13,Monday,10383
1998,4,14,Tuesday,12207
1998,4,15,Wednesday,11898
1998,4,16,Thursday,11931
1998,4,17,Friday,11820
1998,4,18,Saturday,8595
1998,4,19,Sunday,7557
1998,4,20,Monday,10848
1998,4,21,Tuesday,12213
1998,4,22,Wednesday,11730
1998,4,23,Thursday,11729
1998,4,24,Friday,11511
1998,4,25,Saturday,8469
1998,4,26,Sunday,7774
1998,4,27,Monday,10832
1998,4,28,Tuesday,12175
1998,4,29,Wednesday,11565
1998,4,30,Thursday,11750
1998,5,1,Friday,11776
1998,5,2,Saturday,8595
1998,5,3,Sunday,7750
1998,5,4,Monday,11071
1998,5,5,Tuesday,12440
1998,5,6,Wednesday,12177
1998,5,7,Thursday,12037
1998,5,8,Friday,11868
1998,5,9,Saturday,8701
1998,5,10,Sunday,7716
1998,5,11,Monday,10760
1998,5,12,Tuesday,12225
1998,5,13,Wednesday,11511
1998,5,14,Thursday,11913
1998,5,15,Friday,12113
1998,5,16,Saturday,8778
1998,5,17,Sunday,7810
1998,5,18,Monday,11228
1998,5,19,Tuesday,12567
1998,5,20,Wednesday,12241
1998,5,21,Thursday,12482
1998,5,22,Friday,12312
1998,5,23,Saturday,8764
1998,5,24,Sunday,7888
1998,5,25,Monday,7953
1998,5,26,Tuesday,11573
1998,5,27,Wednesday,12590
1998,5,28,Thursday,12674
1998,5,29,Friday,12255
1998,5,30,Saturday,8837
1998,5,31,Sunday,7914
1998,6,1,Monday,11005
1998,6,2,Tuesday,11762
1998,6,3,Wednesday,11898
1998,6,4,Thursday,11778
1998,6,5,Friday,11752
1998,6,6,Saturday,8892
1998,6,7,Sunday,7558
1998,6,8,Monday,10791
1998,6,9,Tuesday,12122
1998,6,10,Wednesday,12007
1998,6,11,Thursday,11996
1998,6,12,Friday,11830
1998,6,13,Saturday,8769
1998,6,14,Sunday,7836
1998,6,15,Monday,11280
1998,6,16,Tuesday,12519
1998,6,17,Wednesday,12038
1998,6,18,Thursday,11968
1998,6,19,Friday,11877
1998,6,20,Saturday,8819
1998,6,21,Sunday,7794
1998,6,22,Monday,11218
1998,6,23,Tuesday,12351
1998,6,24,Wednesday,12246
1998,6,25,Thursday,12258
1998,6,26,Friday,12050
1998,6,27,Saturday,8840
1998,6,28,Sunday,7930
1998,6,29,Monday,11025
1998,6,30,Tuesday,12882
1998,7,1,Wednesday,12680
1998,7,2,Thursday,12517
1998,7,3,Friday,10371
1998,7,4,Saturday,8372
1998,7,5,Sunday,7694
1998,7,6,Monday,11030
1998,7,7,Tuesday,12753
1998,7,8,Wednesday,12535
1998,7,9,Thursday,12463
1998,7,10,Friday,12288
1998,7,11,Saturday,8996
1998,7,12,Sunday,8096
1998,7,13,Monday,11149
1998,7,14,Tuesday,13034
1998,7,15,Wednesday,12593
1998,7,16,Thursday,12467
1998,7,17,Friday,12345
1998,7,18,Saturday,8905
1998,7,19,Sunday,8018
1998,7,20,Monday,11598
1998,7,21,Tuesday,12686
1998,7,22,Wednesday,12785
1998,7,23,Thursday,12536
1998,7,24,Friday,12287
1998,7,25,Saturday,8888
1998,7,26,Sunday,8069
1998,7,27,Monday,11350
1998,7,28,Tuesday,12919
1998,7,29,Wednesday,12556
1998,7,30,Thursday,12375
1998,7,31,Friday,12296
1998,8,1,Saturday,8784
1998,8,2,Sunday,7876
1998,8,3,Monday,11277
1998,8,4,Tuesday,12758
1998,8,5,Wednesday,12244
1998,8,6,Thursday,12535
1998,8,7,Friday,12258
1998,8,8,Saturday,9256
1998,8,9,Sunday,8168
1998,8,10,Monday,11622
1998,8,11,Tuesday,12857
1998,8,12,Wednesday,12577
1998,8,13,Thursday,12487
1998,8,14,Friday,12486
1998,8,15,Saturday,9296
1998,8,16,Sunday,8176
1998,8,17,Monday,11565
1998,8,18,Tuesday,12878
1998,8,19,Wednesday,12491
1998,8,20,Thursday,12467
1998,8,21,Friday,12496
1998,8,22,Saturday,9106
1998,8,23,Sunday,8252
1998,8,24,Monday,11627
1998,8,25,Tuesday,12908
1998,8,26,Wednesday,12459
1998,8,27,Thursday,12595
1998,8,28,Friday,12447
1998,8,29,Saturday,9230
1998,8,30,Sunday,8162
1998,8,31,Monday,11396
1998,9,1,Tuesday,12677
1998,9,2,Wednesday,12289
1998,9,3,Thursday,12474
1998,9,4,Friday,12820
1998,9,5,Saturday,9057
1998,9,6,Sunday,7979
1998,9,7,Monday,8428
1998,9,8,Tuesday,12092
1998,9,9,Wednesday,13501
1998,9,10,Thursday,13306
1998,9,11,Friday,12920
1998,9,12,Saturday,9463
1998,9,13,Sunday,8434
1998,9,14,Monday,11694
1998,9,15,Tuesday,12975
1998,9,16,Wednesday,12768
1998,9,17,Thursday,12905
1998,9,18,Friday,13030
1998,9,19,Saturday,9541
1998,9,20,Sunday,8431
1998,9,21,Monday,11647
1998,9,22,Tuesday,12774
1998,9,23,Wednesday,12805
1998,9,24,Thursday,12708
1998,9,25,Friday,12501
1998,9,26,Saturday,9230
1998,9,27,Sunday,8279
1998,9,28,Monday,11744
1998,9,29,Tuesday,12716
1998,9,30,Wednesday,12196
1998,10,1,Thursday,12410
1998,10,2,Friday,12247
1998,10,3,Saturday,8895
1998,10,4,Sunday,7927
1998,10,5,Monday,11235
1998,10,6,Tuesday,12555
1998,10,7,Wednesday,12119
1998,10,8,Thursday,12128
1998,10,9,Friday,11750
1998,10,10,Saturday,8610
1998,10,11,Sunday,7785
1998,10,12,Monday,10645
1998,10,13,Tuesday,11815
1998,10,14,Wednesday,12063
1998,10,15,Thursday,12049
1998,10,16,Friday,11792
1998,10,17,Saturday,8475
1998,10,18,Sunday,7795
1998,10,19,Monday,10797
1998,10,20,Tuesday,12404
1998,10,21,Wednesday,11721
1998,10,22,Thursday,11866
1998,10,23,Friday,11644
1998,10,24,Saturday,8447
1998,10,25,Sunday,7768
1998,10,26,Monday,10967
1998,10,27,Tuesday,11996
1998,10,28,Wednesday,11841
1998,10,29,Thursday,11667
1998,10,30,Friday,11213
1998,10,31,Saturday,8164
1998,11,1,Sunday,7849
1998,11,2,Monday,11139
1998,11,3,Tuesday,12235
1998,11,4,Wednesday,11726
1998,11,5,Thursday,12007
1998,11,6,Friday,11773
1998,11,7,Saturday,8623
1998,11,8,Sunday,7615
1998,11,9,Monday,11171
1998,11,10,Tuesday,12312
1998,11,11,Wednesday,11662
1998,11,12,Thursday,11904
1998,11,13,Friday,10968
1998,11,14,Saturday,8689
1998,11,15,Sunday,7759
1998,11,16,Monday,11103
1998,11,17,Tuesday,12348
1998,11,18,Wednesday,11729
1998,11,19,Thursday,11815
1998,11,20,Friday,12095
1998,11,21,Saturday,8687
1998,11,22,Sunday,7649
1998,11,23,Monday,11942
1998,11,24,Tuesday,13143
1998,11,25,Wednesday,11311
1998,11,26,Thursday,7658
1998,11,27,Friday,9185
1998,11,28,Saturday,8295
1998,11,29,Sunday,7732
1998,11,30,Monday,11117
1998,12,1,Tuesday,12612
1998,12,2,Wednesday,12003
1998,12,3,Thursday,11990
1998,12,4,Friday,11661
1998,12,5,Saturday,8368
1998,12,6,Sunday,7614
1998,12,7,Monday,10872
1998,12,8,Tuesday,12354
1998,12,9,Wednesday,11824
1998,12,10,Thursday,11685
1998,12,11,Friday,11284
1998,12,12,Saturday,8418
1998,12,13,Sunday,7460
1998,12,14,Monday,11063
1998,12,15,Tuesday,12430
1998,12,16,Wednesday,12256
1998,12,17,Thursday,12572
1998,12,18,Friday,12634
1998,12,19,Saturday,8804
1998,12,20,Sunday,7792
1998,12,21,Monday,12414
1998,12,22,Tuesday,13286
1998,12,23,Wednesday,11149
1998,12,24,Thursday,8464
1998,12,25,Friday,7020
1998,12,26,Saturday,7735
1998,12,27,Sunday,7829
1998,12,28,Monday,11980
1998,12,29,Tuesday,13637
1998,12,30,Wednesday,13297
1998,12,31,Thursday,11389
1999,1,1,Friday,8163
1999,1,2,Saturday,7637
1999,1,3,Sunday,7416
1999,1,4,Monday,10396
1999,1,5,Tuesday,12004
1999,1,6,Wednesday,11718
1999,1,7,Thursday,11901
1999,1,8,Friday,11772
1999,1,9,Saturday,8466
1999,1,10,Sunday,7704
1999,1,11,Monday,10816
1999,1,12,Tuesday,12190
1999,1,13,Wednesday,11626
1999,1,14,Thursday,11767
1999,1,15,Friday,11704
1999,1,16,Saturday,8444
1999,1,17,Sunday,7679
1999,1,18,Monday,10508
1999,1,19,Tuesday,11812
1999,1,20,Wednesday,11901
1999,1,21,Thursday,12027
1999,1,22,Friday,11677
1999,1,23,Saturday,8587
1999,1,24,Sunday,7597
1999,1,25,Monday,10973
1999,1,26,Tuesday,11915
1999,1,27,Wednesday,11548
1999,1,28,Thursday,11745
1999,1,29,Friday,11571
1999,1,30,Saturday,8473
1999,1,31,Sunday,7445
1999,2,1,Monday,10718
1999,2,2,Tuesday,12037
1999,2,3,Wednesday,11747
1999,2,4,Thursday,11811
1999,2,5,Friday,11693
1999,2,6,Saturday,8394
1999,2,7,Sunday,7675
1999,2,8,Monday,11022
1999,2,9,Tuesday,12157
1999,2,10,Wednesday,11849
1999,2,11,Thursday,12086
1999,2,12,Friday,11709
1999,2,13,Saturday,8298
1999,2,14,Sunday,7902
1999,2,15,Monday,10431
1999,2,16,Tuesday,11987
1999,2,17,Wednesday,11868
1999,2,18,Thursday,11909
1999,2,19,Friday,11818
1999,2,20,Saturday,8604
1999,2,21,Sunday,7664
1999,2,22,Monday,10958
1999,2,23,Tuesday,11875
1999,2,24,Wednesday,11761
1999,2,25,Thursday,11716
1999,2,26,Friday,11615
1999,2,27,Saturday,8458
1999,2,28,Sunday,7806
1999,3,1,Monday,10958
1999,3,2,Tuesday,12288
1999,3,3,Wednesday,11998
1999,3,4,Thursday,11767
1999,3,5,Friday,11841
1999,3,6,Saturday,8616
1999,3,7,Sunday,7578
1999,3,8,Monday,10749
1999,3,9,Tuesday,11896
1999,3,10,Wednesday,11823
1999,3,11,Thursday,11832
1999,3,12,Friday,11834
1999,3,13,Saturday,8436
1999,3,14,Sunday,7549
1999,3,15,Monday,10830
1999,3,16,Tuesday,12134
1999,3,17,Wednesday,11928
1999,3,18,Thursday,11915
1999,3,19,Friday,11554
1999,3,20,Saturday,8621
1999,3,21,Sunday,7582
1999,3,22,Monday,10743
1999,3,23,Tuesday,12132
1999,3,24,Wednesday,11764
1999,3,25,Thursday,11879
1999,3,26,Friday,11543
1999,3,27,Saturday,8592
1999,3,28,Sunday,7389
1999,3,29,Monday,11259
1999,3,30,Tuesday,12071
1999,3,31,Wednesday,11838
1999,4,1,Thursday,11313
1999,4,2,Friday,11354
1999,4,3,Saturday,8059
1999,4,4,Sunday,7067
1999,4,5,Monday,10820
1999,4,6,Tuesday,12063
1999,4,7,Wednesday,11941
1999,4,8,Thursday,11724
1999,4,9,Friday,11550
1999,4,10,Saturday,8364
1999,4,11,Sunday,7510
1999,4,12,Monday,10849
1999,4,13,Tuesday,11884
1999,4,14,Wednesday,11669
1999,4,15,Thursday,11818
1999,4,16,Friday,11546
1999,4,17,Saturday,8633
1999,4,18,Sunday,7394
1999,4,19,Monday,10767
1999,4,20,Tuesday,12067
1999,4,21,Wednesday,11636
1999,4,22,Thursday,11763
1999,4,23,Friday,11533
1999,4,24,Saturday,8301
1999,4,25,Sunday,7370
1999,4,26,Monday,10806
1999,4,27,Tuesday,12013
1999,4,28,Wednesday,11915
1999,4,29,Thursday,11743
1999,4,30,Friday,11417
1999,5,1,Saturday,8522
1999,5,2,Sunday,7537
1999,5,3,Monday,10972
1999,5,4,Tuesday,12455
1999,5,5,Wednesday,12278
1999,5,6,Thursday,12267
1999,5,7,Friday,11857
1999,5,8,Saturday,8314
1999,5,9,Sunday,7630
1999,5,10,Monday,11158
1999,5,11,Tuesday,12316
1999,5,12,Wednesday,12111
1999,5,13,Thursday,11801
1999,5,14,Friday,11874
1999,5,15,Saturday,8492
1999,5,16,Sunday,7600
1999,5,17,Monday,11106
1999,5,18,Tuesday,12438
1999,5,19,Wednesday,11758
1999,5,20,Thursday,11944
1999,5,21,Friday,11895
1999,5,22,Saturday,8558
1999,5,23,Sunday,7700
1999,5,24,Monday,11340
1999,5,25,Tuesday,12833
1999,5,26,Wednesday,12346
1999,5,27,Thursday,12640
1999,5,28,Friday,12405
1999,5,29,Saturday,8875
1999,5,30,Sunday,7661
1999,5,31,Monday,7843
1999,6,1,Tuesday,11583
1999,6,2,Wednesday,12961
1999,6,3,Thursday,12796
1999,6,4,Friday,12340
1999,6,5,Saturday,8814
1999,6,6,Sunday,7691
1999,6,7,Monday,11105
1999,6,8,Tuesday,12338
1999,6,9,Wednesday,12010
1999,6,10,Thursday,12259
1999,6,11,Friday,12028
1999,6,12,Saturday,8654
1999,6,13,Sunday,7648
1999,6,14,Monday,11145
1999,6,15,Tuesday,12525
1999,6,16,Wednesday,12089
1999,6,17,Thursday,12069
1999,6,18,Friday,11861
1999,6,19,Saturday,8621
1999,6,20,Sunday,7675
1999,6,21,Monday,11492
1999,6,22,Tuesday,12527
1999,6,23,Wednesday,12130
1999,6,24,Thursday,12343
1999,6,25,Friday,11768
1999,6,26,Saturday,8922
1999,6,27,Sunday,7968
1999,6,28,Monday,11506
1999,6,29,Tuesday,12853
1999,6,30,Wednesday,12480
1999,7,1,Thursday,12828
1999,7,2,Friday,12525
1999,7,3,Saturday,8764
1999,7,4,Sunday,7973
1999,7,5,Monday,8413
1999,7,6,Tuesday,11799
1999,7,7,Wednesday,13343
1999,7,8,Thursday,13245
1999,7,9,Friday,12566
1999,7,10,Saturday,9196
1999,7,11,Sunday,7882
1999,7,12,Monday,11489
1999,7,13,Tuesday,12646
1999,7,14,Wednesday,12631
1999,7,15,Thursday,12795
1999,7,16,Friday,12582
1999,7,17,Saturday,9034
1999,7,18,Sunday,8025
1999,7,19,Monday,11556
1999,7,20,Tuesday,12849
1999,7,21,Wednesday,12685
1999,7,22,Thursday,12945
1999,7,23,Friday,12674
1999,7,24,Saturday,9258
1999,7,25,Sunday,8182
1999,7,26,Monday,11687
1999,7,27,Tuesday,12903
1999,7,28,Wednesday,12803
1999,7,29,Thursday,12840
1999,7,30,Friday,12537
1999,7,31,Saturday,9157
1999,8,1,Sunday,8167
1999,8,2,Monday,11663
1999,8,3,Tuesday,12660
1999,8,4,Wednesday,12564
1999,8,5,Thursday,12587
1999,8,6,Friday,12448
1999,8,7,Saturday,9070
1999,8,8,Sunday,8074
1999,8,9,Monday,11408
1999,8,10,Tuesday,13035
1999,8,11,Wednesday,12572
1999,8,12,Thursday,13103
1999,8,13,Friday,11924
1999,8,14,Saturday,9143
1999,8,15,Sunday,8190
1999,8,16,Monday,11753
1999,8,17,Tuesday,13201
1999,8,18,Wednesday,12833
1999,8,19,Thursday,12783
1999,8,20,Friday,12764
1999,8,21,Saturday,9114
1999,8,22,Sunday,7964
1999,8,23,Monday,11673
1999,8,24,Tuesday,13035
1999,8,25,Wednesday,12595
1999,8,26,Thursday,12628
1999,8,27,Friday,12570
1999,8,28,Saturday,9387
1999,8,29,Sunday,8203
1999,8,30,Monday,11568
1999,8,31,Tuesday,12692
1999,9,1,Wednesday,12572
1999,9,2,Thursday,12896
1999,9,3,Friday,12914
1999,9,4,Saturday,8953
1999,9,5,Sunday,8203
1999,9,6,Monday,8249
1999,9,7,Tuesday,11969
1999,9,8,Wednesday,13437
1999,9,9,Thursday,14540
1999,9,10,Friday,13181
1999,9,11,Saturday,9634
1999,9,12,Sunday,8463
1999,9,13,Monday,11481
1999,9,14,Tuesday,12770
1999,9,15,Wednesday,12880
1999,9,16,Thursday,12843
1999,9,17,Friday,13142
1999,9,18,Saturday,9599
1999,9,19,Sunday,8559
1999,9,20,Monday,11961
1999,9,21,Tuesday,13384
1999,9,22,Wednesday,12994
1999,9,23,Thursday,13149
1999,9,24,Friday,13009
1999,9,25,Saturday,9568
1999,9,26,Sunday,8290
1999,9,27,Monday,12103
1999,9,28,Tuesday,13358
1999,9,29,Wednesday,12785
1999,9,30,Thursday,12523
1999,10,1,Friday,12544
1999,10,2,Saturday,9099
1999,10,3,Sunday,7888
1999,10,4,Monday,11506
1999,10,5,Tuesday,12871
1999,10,6,Wednesday,12534
1999,10,7,Thursday,12306
1999,10,8,Friday,12341
1999,10,9,Saturday,8804
1999,10,10,Sunday,7835
1999,10,11,Monday,11203
1999,10,12,Tuesday,12442
1999,10,13,Wednesday,12041
1999,10,14,Thursday,12115
1999,10,15,Friday,12187
1999,10,16,Saturday,8594
1999,10,17,Sunday,7562
1999,10,18,Monday,11021
1999,10,19,Tuesday,12354
1999,10,20,Wednesday,11830
1999,10,21,Thursday,11960
1999,10,22,Friday,11912
1999,10,23,Saturday,8404
1999,10,24,Sunday,7465
1999,10,25,Monday,11077
1999,10,26,Tuesday,12221
1999,10,27,Wednesday,11654
1999,10,28,Thursday,11693
1999,10,29,Friday,11534
1999,10,30,Saturday,8488
1999,10,31,Sunday,7495
1999,11,1,Monday,10839
1999,11,2,Tuesday,12098
1999,11,3,Wednesday,11803
1999,11,4,Thursday,11806
1999,11,5,Friday,11868
1999,11,6,Saturday,8533
1999,11,7,Sunday,7481
1999,11,8,Monday,11049
1999,11,9,Tuesday,12092
1999,11,10,Wednesday,11632
1999,11,11,Thursday,11802
1999,11,12,Friday,11556
1999,11,13,Saturday,8349
1999,11,14,Sunday,7526
1999,11,15,Monday,10928
1999,11,16,Tuesday,12263
1999,11,17,Wednesday,11665
1999,11,18,Thursday,11908
1999,11,19,Friday,12128
1999,11,20,Saturday,8630
1999,11,21,Sunday,7514
1999,11,22,Monday,12104
1999,11,23,Tuesday,12804
1999,11,24,Wednesday,11409
1999,11,25,Thursday,7529
1999,11,26,Friday,8892
1999,11,27,Saturday,8024
1999,11,28,Sunday,7418
1999,11,29,Monday,11095
1999,11,30,Tuesday,12544
1999,12,1,Wednesday,12282
1999,12,2,Thursday,11976
1999,12,3,Friday,11591
1999,12,4,Saturday,8333
1999,12,5,Sunday,7503
1999,12,6,Monday,10956
1999,12,7,Tuesday,12329
1999,12,8,Wednesday,11849
1999,12,9,Thursday,11728
1999,12,10,Friday,11459
1999,12,11,Saturday,8442
1999,12,12,Sunday,7528
1999,12,13,Monday,10830
1999,12,14,Tuesday,12667
1999,12,15,Wednesday,12623
1999,12,16,Thursday,12441
1999,12,17,Friday,12453
1999,12,18,Saturday,8979
1999,12,19,Sunday,7732
1999,12,20,Monday,12497
1999,12,21,Tuesday,13508
1999,12,22,Wednesday,12166
1999,12,23,Thursday,10591
1999,12,24,Friday,8046
1999,12,25,Saturday,6674
1999,12,26,Sunday,7432
1999,12,27,Monday,11579
1999,12,28,Tuesday,13158
1999,12,29,Wednesday,12629
1999,12,30,Thursday,11935
1999,12,31,Friday,9335
2000,1,1,Saturday,8843
2000,1,2,Sunday,7816
2000,1,3,Monday,11123
2000,1,4,Tuesday,12703
2000,1,5,Wednesday,12240
2000,1,6,Thursday,12260
2000,1,7,Friday,12280
2000,1,8,Saturday,8750
2000,1,9,Sunday,7736
2000,1,10,Monday,11418
2000,1,11,Tuesday,12323
2000,1,12,Wednesday,12057
2000,1,13,Thursday,11556
2000,1,14,Friday,11924
2000,1,15,Saturday,8365
2000,1,16,Sunday,7499
2000,1,17,Monday,10601
2000,1,18,Tuesday,12086
2000,1,19,Wednesday,12083
2000,1,20,Thursday,12188
2000,1,21,Friday,11667
2000,1,22,Saturday,8633
2000,1,23,Sunday,7712
2000,1,24,Monday,11184
2000,1,25,Tuesday,12253
2000,1,26,Wednesday,11879
2000,1,27,Thursday,12136
2000,1,28,Friday,11673
2000,1,29,Saturday,8635
2000,1,30,Sunday,7603
2000,1,31,Monday,10882
2000,2,1,Tuesday,12359
2000,2,2,Wednesday,12082
2000,2,3,Thursday,11806
2000,2,4,Friday,11828
2000,2,5,Saturday,8474
2000,2,6,Sunday,7730
2000,2,7,Monday,11375
2000,2,8,Tuesday,12591
2000,2,9,Wednesday,12024
2000,2,10,Thursday,12339
2000,2,11,Friday,12182
2000,2,12,Saturday,8674
2000,2,13,Sunday,7801
2000,2,14,Monday,11920
2000,2,15,Tuesday,12711
2000,2,16,Wednesday,12256
2000,2,17,Thursday,12274
2000,2,18,Friday,12162
2000,2,19,Saturday,8693
2000,2,20,Sunday,7763
2000,2,21,Monday,10406
2000,2,22,Tuesday,12401
2000,2,23,Wednesday,11972
2000,2,24,Thursday,12160
2000,2,25,Friday,11971
2000,2,26,Saturday,8847
2000,2,27,Sunday,7716
2000,2,28,Monday,11215
2000,2,29,Tuesday,11645
2000,3,1,Wednesday,12407
2000,3,2,Thursday,12261
2000,3,3,Friday,12120
2000,3,4,Saturday,8861
2000,3,5,Sunday,7599
2000,3,6,Monday,11122
2000,3,7,Tuesday,12133
2000,3,8,Wednesday,12061
2000,3,9,Thursday,12303
2000,3,10,Friday,11898
2000,3,11,Saturday,8657
2000,3,12,Sunday,7762
2000,3,13,Monday,10946
2000,3,14,Tuesday,12523
2000,3,15,Wednesday,12114
2000,3,16,Thursday,12154
2000,3,17,Friday,12147
2000,3,18,Saturday,8502
2000,3,19,Sunday,7623
2000,3,20,Monday,11281
2000,3,21,Tuesday,12370
2000,3,22,Wednesday,12047
2000,3,23,Thursday,12168
2000,3,24,Friday,12104
2000,3,25,Saturday,8975
2000,3,26,Sunday,7675
2000,3,27,Monday,11051
2000,3,28,Tuesday,12394
2000,3,29,Wednesday,11806
2000,3,30,Thursday,11851
2000,3,31,Friday,11638
2000,4,1,Saturday,8238
2000,4,2,Sunday,7419
2000,4,3,Monday,11178
2000,4,4,Tuesday,12523
2000,4,5,Wednesday,11946
2000,4,6,Thursday,11929
2000,4,7,Friday,12004
2000,4,8,Saturday,8583
2000,4,9,Sunday,7628
2000,4,10,Monday,11108
2000,4,11,Tuesday,12567
2000,4,12,Wednesday,12241
2000,4,13,Thursday,11677
2000,4,14,Friday,11829
2000,4,15,Saturday,8718
2000,4,16,Sunday,7725
2000,4,17,Monday,11115
2000,4,18,Tuesday,12525
2000,4,19,Wednesday,12251
2000,4,20,Thursday,12055
2000,4,21,Friday,11080
2000,4,22,Saturday,8233
2000,4,23,Sunday,7375
2000,4,24,Monday,11109
2000,4,25,Tuesday,12237
2000,4,26,Wednesday,11994
2000,4,27,Thursday,12013
2000,4,28,Friday,11785
2000,4,29,Saturday,8580
2000,4,30,Sunday,7515
2000,5,1,Monday,11399
2000,5,2,Tuesday,12692
2000,5,3,Wednesday,12017
2000,5,4,Thursday,12212
2000,5,5,Friday,12252
2000,5,6,Saturday,8689
2000,5,7,Sunday,7675
2000,5,8,Monday,11384
2000,5,9,Tuesday,12470
2000,5,10,Wednesday,12342
2000,5,11,Thursday,12185
2000,5,12,Friday,11928
2000,5,13,Saturday,8569
2000,5,14,Sunday,7495
2000,5,15,Monday,11316
2000,5,16,Tuesday,12581
2000,5,17,Wednesday,12487
2000,5,18,Thursday,12336
2000,5,19,Friday,11961
2000,5,20,Saturday,8476
2000,5,21,Sunday,7741
2000,5,22,Monday,11365
2000,5,23,Tuesday,12806
2000,5,24,Wednesday,12427
2000,5,25,Thursday,12752
2000,5,26,Friday,12503
2000,5,27,Saturday,8866
2000,5,28,Sunday,7758
2000,5,29,Monday,8099
2000,5,30,Tuesday,11699
2000,5,31,Wednesday,12725
2000,6,1,Thursday,13114
2000,6,2,Friday,12428
2000,6,3,Saturday,8776
2000,6,4,Sunday,7860
2000,6,5,Monday,11458
2000,6,6,Tuesday,12434
2000,6,7,Wednesday,12217
2000,6,8,Thursday,12508
2000,6,9,Friday,12275
2000,6,10,Saturday,8956
2000,6,11,Sunday,7961
2000,6,12,Monday,11580
2000,6,13,Tuesday,12416
2000,6,14,Wednesday,12599
2000,6,15,Thursday,12528
2000,6,16,Friday,12524
2000,6,17,Saturday,8981
2000,6,18,Sunday,8024
2000,6,19,Monday,11425
2000,6,20,Tuesday,12764
2000,6,21,Wednesday,12497
2000,6,22,Thursday,12561
2000,6,23,Friday,12364
2000,6,24,Saturday,8952
2000,6,25,Sunday,8057
2000,6,26,Monday,11914
2000,6,27,Tuesday,13103
2000,6,28,Wednesday,12776
2000,6,29,Thursday,13184
2000,6,30,Friday,12970
2000,7,1,Saturday,9215
2000,7,2,Sunday,7933
2000,7,3,Monday,11080
2000,7,4,Tuesday,9394
2000,7,5,Wednesday,12078
2000,7,6,Thursday,13558
2000,7,7,Friday,13372
2000,7,8,Saturday,9479
2000,7,9,Sunday,8435
2000,7,10,Monday,12161
2000,7,11,Tuesday,13267
2000,7,12,Wednesday,12543
2000,7,13,Thursday,12684
2000,7,14,Friday,12941
2000,7,15,Saturday,9392
2000,7,16,Sunday,8313
2000,7,17,Monday,11876
2000,7,18,Tuesday,13354
2000,7,19,Wednesday,12718
2000,7,20,Thursday,12855
2000,7,21,Friday,12767
2000,7,22,Saturday,9269
2000,7,23,Sunday,8011
2000,7,24,Monday,11916
2000,7,25,Tuesday,12943
2000,7,26,Wednesday,12700
2000,7,27,Thursday,12849
2000,7,28,Friday,12654
2000,7,29,Saturday,9303
2000,7,30,Sunday,8289
2000,7,31,Monday,11626
2000,8,1,Tuesday,13081
2000,8,2,Wednesday,12489
2000,8,3,Thursday,12834
2000,8,4,Friday,12681
2000,8,5,Saturday,9236
2000,8,6,Sunday,8201
2000,8,7,Monday,11628
2000,8,8,Tuesday,13334
2000,8,9,Wednesday,12926
2000,8,10,Thursday,12694
2000,8,11,Friday,12478
2000,8,12,Saturday,9072
2000,8,13,Sunday,8174
2000,8,14,Monday,11638
2000,8,15,Tuesday,13067
2000,8,16,Wednesday,12876
2000,8,17,Thursday,12828
2000,8,18,Friday,12839
2000,8,19,Saturday,9102
2000,8,20,Sunday,8122
2000,8,21,Monday,11711
2000,8,22,Tuesday,13172
2000,8,23,Wednesday,12685
2000,8,24,Thursday,12737
2000,8,25,Friday,12623
2000,8,26,Saturday,9193
2000,8,27,Sunday,8086
2000,8,28,Monday,11794
2000,8,29,Tuesday,12922
2000,8,30,Wednesday,12805
2000,8,31,Thursday,13052
2000,9,1,Friday,12826
2000,9,2,Saturday,9066
2000,9,3,Sunday,8080
2000,9,4,Monday,8412
2000,9,5,Tuesday,11871
2000,9,6,Wednesday,13577
2000,9,7,Thursday,13194
2000,9,8,Friday,13166
2000,9,9,Saturday,9617
2000,9,10,Sunday,8354
2000,9,11,Monday,12091
2000,9,12,Tuesday,13263
2000,9,13,Wednesday,12965
2000,9,14,Thursday,13432
2000,9,15,Friday,13245
2000,9,16,Saturday,9580
2000,9,17,Sunday,8512
2000,9,18,Monday,12244
2000,9,19,Tuesday,13533
2000,9,20,Wednesday,13384
2000,9,21,Thursday,13050
2000,9,22,Friday,12893
2000,9,23,Saturday,9304
2000,9,24,Sunday,8392
2000,9,25,Monday,12150
2000,9,26,Tuesday,13210
2000,9,27,Wednesday,13137
2000,9,28,Thursday,13202
2000,9,29,Friday,12724
2000,9,30,Saturday,9135
2000,10,1,Sunday,8279
2000,10,2,Monday,11905
2000,10,3,Tuesday,12969
2000,10,4,Wednesday,12841
2000,10,5,Thursday,12943
2000,10,6,Friday,12491
2000,10,7,Saturday,8925
2000,10,8,Sunday,7956
2000,10,9,Monday,11022
2000,10,10,Tuesday,12750
2000,10,11,Wednesday,12564
2000,10,12,Thursday,12756
2000,10,13,Friday,11468
2000,10,14,Saturday,8985
2000,10,15,Sunday,7972
2000,10,16,Monday,11702
2000,10,17,Tuesday,12805
2000,10,18,Wednesday,12470
2000,10,19,Thursday,12195
2000,10,20,Friday,12146
2000,10,21,Saturday,8765
2000,10,22,Sunday,7772
2000,10,23,Monday,11526
2000,10,24,Tuesday,12685
2000,10,25,Wednesday,12463
2000,10,26,Thursday,12475
2000,10,27,Friday,12051
2000,10,28,Saturday,8790
2000,10,29,Sunday,7954
2000,10,30,Monday,11227
2000,10,31,Tuesday,11069
2000,11,1,Wednesday,12579
2000,11,2,Thursday,12734
2000,11,3,Friday,12329
2000,11,4,Saturday,8853
2000,11,5,Sunday,7890
2000,11,6,Monday,11520
2000,11,7,Tuesday,12592
2000,11,8,Wednesday,12506
2000,11,9,Thursday,12502
2000,11,10,Friday,12300
2000,11,11,Saturday,9052
2000,11,12,Sunday,7874
2000,11,13,Monday,11129
2000,11,14,Tuesday,12776
2000,11,15,Wednesday,12623
2000,11,16,Thursday,12706
2000,11,17,Friday,12606
2000,11,18,Saturday,8906
2000,11,19,Sunday,7872
2000,11,20,Monday,12625
2000,11,21,Tuesday,13672
2000,11,22,Wednesday,12038
2000,11,23,Thursday,7939
2000,11,24,Friday,9539
2000,11,25,Saturday,8320
2000,11,26,Sunday,7793
2000,11,27,Monday,11831
2000,11,28,Tuesday,13446
2000,11,29,Wednesday,12786
2000,11,30,Thursday,12473
2000,12,1,Friday,12219
2000,12,2,Saturday,8622
2000,12,3,Sunday,7748
2000,12,4,Monday,11176
2000,12,5,Tuesday,12607
2000,12,6,Wednesday,12363
2000,12,7,Thursday,12498
2000,12,8,Friday,12263
2000,12,9,Saturday,8635
2000,12,10,Sunday,7807
2000,12,11,Monday,11506
2000,12,12,Tuesday,13189
2000,12,13,Wednesday,12214
2000,12,14,Thursday,12313
2000,12,15,Friday,12368
2000,12,16,Saturday,8981
2000,12,17,Sunday,7845
2000,12,18,Monday,12276
2000,12,19,Tuesday,13430
2000,12,20,Wednesday,13391
2000,12,21,Thursday,13146
2000,12,22,Friday,11937
2000,12,23,Saturday,8294
2000,12,24,Sunday,6801
2000,12,25,Monday,6566
2000,12,26,Tuesday,10070
2000,12,27,Wednesday,12858
2000,12,28,Thursday,13532
2000,12,29,Friday,13234
2000,12,30,Saturday,9177
2000,12,31,Sunday,7721
2001,1,1,Monday,7437
2001,1,2,Tuesday,10346
2001,1,3,Wednesday,12113
2001,1,4,Thursday,12429
2001,1,5,Friday,12427
2001,1,6,Saturday,9019
2001,1,7,Sunday,7747
2001,1,8,Monday,11239
2001,1,9,Tuesday,12105
2001,1,10,Wednesday,12160
2001,1,11,Thursday,12155
2001,1,12,Friday,12464
2001,1,13,Saturday,8647
2001,1,14,Sunday,7674
2001,1,15,Monday,10720
2001,1,16,Tuesday,12041
2001,1,17,Wednesday,12046
2001,1,18,Thursday,12362
2001,1,19,Friday,12044
2001,1,20,Saturday,8602
2001,1,21,Sunday,7668
2001,1,22,Monday,11219
2001,1,23,Tuesday,12176
2001,1,24,Wednesday,12046
2001,1,25,Thursday,12316
2001,1,26,Friday,11993
2001,1,27,Saturday,8640
2001,1,28,Sunday,7641
2001,1,29,Monday,11269
2001,1,30,Tuesday,12237
2001,1,31,Wednesday,12216
2001,2,1,Thursday,12186
2001,2,2,Friday,12188
2001,2,3,Saturday,8476
2001,2,4,Sunday,7608
2001,2,5,Monday,11546
2001,2,6,Tuesday,12247
2001,2,7,Wednesday,12091
2001,2,8,Thursday,12147
2001,2,9,Friday,12086
2001,2,10,Saturday,8637
2001,2,11,Sunday,7437
2001,2,12,Monday,11413
2001,2,13,Tuesday,12012
2001,2,14,Wednesday,12890
2001,2,15,Thursday,12407
2001,2,16,Friday,12119
2001,2,17,Saturday,8474
2001,2,18,Sunday,7422
2001,2,19,Monday,10356
2001,2,20,Tuesday,12113
2001,2,21,Wednesday,12206
2001,2,22,Thursday,12234
2001,2,23,Friday,12040
2001,2,24,Saturday,8491
2001,2,25,Sunday,7646
2001,2,26,Monday,11073
2001,2,27,Tuesday,12068
2001,2,28,Wednesday,11921
2001,3,1,Thursday,12263
2001,3,2,Friday,12128
2001,3,3,Saturday,8761
2001,3,4,Sunday,7675
2001,3,5,Monday,11182
2001,3,6,Tuesday,12052
2001,3,7,Wednesday,12094
2001,3,8,Thursday,12194
2001,3,9,Friday,12242
2001,3,10,Saturday,8679
2001,3,11,Sunday,7564
2001,3,12,Monday,11366
2001,3,13,Tuesday,12273
2001,3,14,Wednesday,12367
2001,3,15,Thursday,12286
2001,3,16,Friday,12248
2001,3,17,Saturday,8850
2001,3,18,Sunday,7399
2001,3,19,Monday,11099
2001,3,20,Tuesday,12574
2001,3,21,Wednesday,12394
2001,3,22,Thursday,12262
2001,3,23,Friday,12213
2001,3,24,Saturday,8683
2001,3,25,Sunday,7689
2001,3,26,Monday,11042
2001,3,27,Tuesday,12328
2001,3,28,Wednesday,12175
2001,3,29,Thursday,12166
2001,3,30,Friday,11855
2001,3,31,Saturday,8581
2001,4,1,Sunday,7037
2001,4,2,Monday,11430
2001,4,3,Tuesday,12578
2001,4,4,Wednesday,12409
2001,4,5,Thursday,12233
2001,4,6,Friday,12221
2001,4,7,Saturday,8626
2001,4,8,Sunday,7594
2001,4,9,Monday,11349
2001,4,10,Tuesday,12745
2001,4,11,Wednesday,12631
2001,4,12,Thursday,12511
2001,4,13,Friday,10741
2001,4,14,Saturday,8102
2001,4,15,Sunday,7080
2001,4,16,Monday,11002
2001,4,17,Tuesday,12636
2001,4,18,Wednesday,12151
2001,4,19,Thursday,11942
2001,4,20,Friday,12047
2001,4,21,Saturday,8671
2001,4,22,Sunday,7643
2001,4,23,Monday,11462
2001,4,24,Tuesday,12720
2001,4,25,Wednesday,12444
2001,4,26,Thursday,12309
2001,4,27,Friday,12154
2001,4,28,Saturday,8474
2001,4,29,Sunday,7481
2001,4,30,Monday,11190
2001,5,1,Tuesday,12745
2001,5,2,Wednesday,12289
2001,5,3,Thursday,12302
2001,5,4,Friday,12062
2001,5,5,Saturday,8632
2001,5,6,Sunday,7861
2001,5,7,Monday,11432
2001,5,8,Tuesday,12751
2001,5,9,Wednesday,12225
2001,5,10,Thursday,12398
2001,5,11,Friday,12117
2001,5,12,Saturday,8537
2001,5,13,Sunday,7370
2001,5,14,Monday,11343
2001,5,15,Tuesday,12829
2001,5,16,Wednesday,12373
2001,5,17,Thursday,12426
2001,5,18,Friday,12132
2001,5,19,Saturday,8658
2001,5,20,Sunday,7597
2001,5,21,Monday,11398
2001,5,22,Tuesday,12785
2001,5,23,Wednesday,12662
2001,5,24,Thursday,12932
2001,5,25,Friday,12504
2001,5,26,Saturday,8790
2001,5,27,Sunday,7409
2001,5,28,Monday,7810
2001,5,29,Tuesday,11754
2001,5,30,Wednesday,13112
2001,5,31,Thursday,12782
2001,6,1,Friday,12426
2001,6,2,Saturday,8753
2001,6,3,Sunday,7762
2001,6,4,Monday,11239
2001,6,5,Tuesday,12401
2001,6,6,Wednesday,12507
2001,6,7,Thursday,12333
2001,6,8,Friday,12231
2001,6,9,Saturday,8604
2001,6,10,Sunday,7559
2001,6,11,Monday,11521
2001,6,12,Tuesday,12894
2001,6,13,Wednesday,12102
2001,6,14,Thursday,12429
2001,6,15,Friday,12192
2001,6,16,Saturday,8631
2001,6,17,Sunday,7607
2001,6,18,Monday,11559
2001,6,19,Tuesday,12517
2001,6,20,Wednesday,12452
2001,6,21,Thursday,12323
2001,6,22,Friday,12068
2001,6,23,Saturday,8304
2001,6,24,Sunday,7501
2001,6,25,Monday,11363
2001,6,26,Tuesday,12638
2001,6,27,Wednesday,12560
2001,6,28,Thursday,12830
2001,6,29,Friday,12683
2001,6,30,Saturday,9096
2001,7,1,Sunday,7953
2001,7,2,Monday,12154
2001,7,3,Tuesday,13081
2001,7,4,Wednesday,9450
2001,7,5,Thursday,12264
2001,7,6,Friday,12901
2001,7,7,Saturday,9357
2001,7,8,Sunday,8121
2001,7,9,Monday,11794
2001,7,10,Tuesday,13317
2001,7,11,Wednesday,12690
2001,7,12,Thursday,12949
2001,7,13,Friday,11978
2001,7,14,Saturday,9112
2001,7,15,Sunday,7922
2001,7,16,Monday,12160
2001,7,17,Tuesday,13357
2001,7,18,Wednesday,12970
2001,7,19,Thursday,13031
2001,7,20,Friday,12697
2001,7,21,Saturday,9189
2001,7,22,Sunday,7961
2001,7,23,Monday,11836
2001,7,24,Tuesday,13239
2001,7,25,Wednesday,12785
2001,7,26,Thursday,12784
2001,7,27,Friday,12441
2001,7,28,Saturday,8952
2001,7,29,Sunday,7787
2001,7,30,Monday,11912
2001,7,31,Tuesday,12903
2001,8,1,Wednesday,12654
2001,8,2,Thursday,12846
2001,8,3,Friday,12619
2001,8,4,Saturday,8993
2001,8,5,Sunday,7948
2001,8,6,Monday,11735
2001,8,7,Tuesday,13198
2001,8,8,Wednesday,12884
2001,8,9,Thursday,13080
2001,8,10,Friday,12833
2001,8,11,Saturday,9100
2001,8,12,Sunday,8130
2001,8,13,Monday,11446
2001,8,14,Tuesday,13037
2001,8,15,Wednesday,13005
2001,8,16,Thursday,13126
2001,8,17,Friday,12871
2001,8,18,Saturday,9097
2001,8,19,Sunday,7809
2001,8,20,Monday,12030
2001,8,21,Tuesday,13236
2001,8,22,Wednesday,12855
2001,8,23,Thursday,12918
2001,8,24,Friday,12736
2001,8,25,Saturday,9048
2001,8,26,Sunday,7977
2001,8,27,Monday,11844
2001,8,28,Tuesday,13465
2001,8,29,Wednesday,12873
2001,8,30,Thursday,13232
2001,8,31,Friday,13177
2001,9,1,Saturday,9090
2001,9,2,Sunday,8056
2001,9,3,Monday,7950
2001,9,4,Tuesday,12219
2001,9,5,Wednesday,13730
2001,9,6,Thursday,13658
2001,9,7,Friday,13465
2001,9,8,Saturday,9200
2001,9,9,Sunday,8184
2001,9,10,Monday,12227
2001,9,11,Tuesday,13238
2001,9,12,Wednesday,12818
2001,9,13,Thursday,12857
2001,9,14,Friday,13211
2001,9,15,Saturday,9470
2001,9,16,Sunday,8175
2001,9,17,Monday,12412
2001,9,18,Tuesday,13233
2001,9,19,Wednesday,13244
2001,9,20,Thursday,13435
2001,9,21,Friday,13034
2001,9,22,Saturday,9397
2001,9,23,Sunday,8341
2001,9,24,Monday,12292
2001,9,25,Tuesday,13695
2001,9,26,Wednesday,13131
2001,9,27,Thursday,12965
2001,9,28,Friday,12925
2001,9,29,Saturday,9043
2001,9,30,Sunday,7869
2001,10,1,Monday,12109
2001,10,2,Tuesday,13189
2001,10,3,Wednesday,12756
2001,10,4,Thursday,12960
2001,10,5,Friday,12589
2001,10,6,Saturday,8725
2001,10,7,Sunday,7621
2001,10,8,Monday,11298
2001,10,9,Tuesday,12580
2001,10,10,Wednesday,12515
2001,10,11,Thursday,12304
2001,10,12,Friday,12460
2001,10,13,Saturday,8526
2001,10,14,Sunday,7611
2001,10,15,Monday,11394
2001,10,16,Tuesday,12477
2001,10,17,Wednesday,12297
2001,10,18,Thursday,12316
2001,10,19,Friday,12121
2001,10,20,Saturday,8563
2001,10,21,Sunday,7331
2001,10,22,Monday,11446
2001,10,23,Tuesday,12571
2001,10,24,Wednesday,12364
2001,10,25,Thursday,12220
2001,10,26,Friday,11996
2001,10,27,Saturday,8292
2001,10,28,Sunday,7522
2001,10,29,Monday,11143
2001,10,30,Tuesday,12177
2001,10,31,Wednesday,10601
2001,11,1,Thursday,12559
2001,11,2,Friday,12056
2001,11,3,Saturday,8434
2001,11,4,Sunday,7392
2001,11,5,Monday,11402
2001,11,6,Tuesday,12345
2001,11,7,Wednesday,12109
2001,11,8,Thursday,12233
2001,11,9,Friday,12185
2001,11,10,Saturday,8529
2001,11,11,Sunday,7458
2001,11,12,Monday,11423
2001,11,13,Tuesday,12066
2001,11,14,Wednesday,12258
2001,11,15,Thursday,12636
2001,11,16,Friday,12708
2001,11,17,Saturday,8559
2001,11,18,Sunday,7371
2001,11,19,Monday,12487
2001,11,20,Tuesday,13252
2001,11,21,Wednesday,11818
2001,11,22,Thursday,7363
2001,11,23,Friday,9332
2001,11,24,Saturday,7916
2001,11,25,Sunday,7290
2001,11,26,Monday,11498
2001,11,27,Tuesday,12930
2001,11,28,Wednesday,12207
2001,11,29,Thursday,12180
2001,11,30,Friday,11750
2001,12,1,Saturday,8038
2001,12,2,Sunday,7216
2001,12,3,Monday,11275
2001,12,4,Tuesday,12293
2001,12,5,Wednesday,12307
2001,12,6,Thursday,11892
2001,12,7,Friday,11424
2001,12,8,Saturday,8189
2001,12,9,Sunday,7333
2001,12,10,Monday,11345
2001,12,11,Tuesday,12407
2001,12,12,Wednesday,12510
2001,12,13,Thursday,11948
2001,12,14,Friday,12143
2001,12,15,Saturday,8447
2001,12,16,Sunday,7309
2001,12,17,Monday,12049
2001,12,18,Tuesday,13300
2001,12,19,Wednesday,13072
2001,12,20,Thursday,13558
2001,12,21,Friday,13185
2001,12,22,Saturday,8879
2001,12,23,Sunday,7082
2001,12,24,Monday,7448
2001,12,25,Tuesday,6443
2001,12,26,Wednesday,10735
2001,12,27,Thursday,13762
2001,12,28,Friday,13918
2001,12,29,Saturday,9365
2001,12,30,Sunday,7679
2001,12,31,Monday,10018
2002,1,1,Tuesday,7790
2002,1,2,Wednesday,10420
2002,1,3,Thursday,12134
2002,1,4,Friday,12433
2002,1,5,Saturday,8760
2002,1,6,Sunday,7505
2002,1,7,Monday,11371
2002,1,8,Tuesday,12248
2002,1,9,Wednesday,11391
2002,1,10,Thursday,12318
2002,1,11,Friday,12048
2002,1,12,Saturday,8399
2002,1,13,Sunday,7355
2002,1,14,Monday,11344
2002,1,15,Tuesday,12101
2002,1,16,Wednesday,11697
2002,1,17,Thursday,12077
2002,1,18,Friday,12015
2002,1,19,Saturday,8301
2002,1,20,Sunday,7338
2002,1,21,Monday,10741
2002,1,22,Tuesday,12104
2002,1,23,Wednesday,11970
2002,1,24,Thursday,12235
2002,1,25,Friday,11867
2002,1,26,Saturday,8400
2002,1,27,Sunday,7387
2002,1,28,Monday,11139
2002,1,29,Tuesday,11963
2002,1,30,Wednesday,11902
2002,1,31,Thursday,11921
2002,2,1,Friday,11943
2002,2,2,Saturday,8799
2002,2,3,Sunday,7322
2002,2,4,Monday,11176
2002,2,5,Tuesday,12242
2002,2,6,Wednesday,11934
2002,2,7,Thursday,12157
2002,2,8,Friday,12223
2002,2,9,Saturday,8589
2002,2,10,Sunday,7461
2002,2,11,Monday,11348
2002,2,12,Tuesday,12467
2002,2,13,Wednesday,11814
2002,2,14,Thursday,12785
2002,2,15,Friday,12334
2002,2,16,Saturday,8563
2002,2,17,Sunday,7310
2002,2,18,Monday,10729
2002,2,19,Tuesday,12053
2002,2,20,Wednesday,12516
2002,2,21,Thursday,12166
2002,2,22,Friday,12459
2002,2,23,Saturday,8515
2002,2,24,Sunday,7372
2002,2,25,Monday,11322
2002,2,26,Tuesday,12227
2002,2,27,Wednesday,12055
2002,2,28,Thursday,12096
2002,3,1,Friday,12214
2002,3,2,Saturday,8310
2002,3,3,Sunday,7497
2002,3,4,Monday,11422
2002,3,5,Tuesday,12435
2002,3,6,Wednesday,12152
2002,3,7,Thursday,12299
2002,3,8,Friday,12037
2002,3,9,Saturday,8470
2002,3,10,Sunday,7529
2002,3,11,Monday,10989
2002,3,12,Tuesday,12384
2002,3,13,Wednesday,11810
2002,3,14,Thursday,12358
2002,3,15,Friday,12249
2002,3,16,Saturday,8596
2002,3,17,Sunday,7526
2002,3,18,Monday,11434
2002,3,19,Tuesday,12439
2002,3,20,Wednesday,12278
2002,3,21,Thursday,12249
2002,3,22,Friday,12056
2002,3,23,Saturday,8466
2002,3,24,Sunday,7314
2002,3,25,Monday,11292
2002,3,26,Tuesday,12562
2002,3,27,Wednesday,12353
2002,3,28,Thursday,12265
2002,3,29,Friday,11324
2002,3,30,Saturday,8177
2002,3,31,Sunday,7019
2002,4,1,Monday,10090
2002,4,2,Tuesday,12560
2002,4,3,Wednesday,12147
2002,4,4,Thursday,12061
2002,4,5,Friday,11812
2002,4,6,Saturday,8191
2002,4,7,Sunday,7008
2002,4,8,Monday,11478
2002,4,9,Tuesday,12465
2002,4,10,Wednesday,12188
2002,4,11,Thursday,12040
2002,4,12,Friday,12070
2002,4,13,Saturday,8345
2002,4,14,Sunday,7482
2002,4,15,Monday,11220
2002,4,16,Tuesday,12586
2002,4,17,Wednesday,12271
2002,4,18,Thursday,12219
2002,4,19,Friday,12054
2002,4,20,Saturday,8113
2002,4,21,Sunday,7205
2002,4,22,Monday,11365
2002,4,23,Tuesday,12255
2002,4,24,Wednesday,12066
2002,4,25,Thursday,12249
2002,4,26,Friday,11737
2002,4,27,Saturday,8127
2002,4,28,Sunday,7417
2002,4,29,Monday,11230
2002,4,30,Tuesday,12381
2002,5,1,Wednesday,12080
2002,5,2,Thursday,12157
2002,5,3,Friday,11923
2002,5,4,Saturday,8104
2002,5,5,Sunday,7338
2002,5,6,Monday,11167
2002,5,7,Tuesday,12265
2002,5,8,Wednesday,12082
2002,5,9,Thursday,12035
2002,5,10,Friday,12140
2002,5,11,Saturday,8216
2002,5,12,Sunday,7370
2002,5,13,Monday,11235
2002,5,14,Tuesday,12655
2002,5,15,Wednesday,12489
2002,5,16,Thursday,12374
2002,5,17,Friday,11963
2002,5,18,Saturday,8420
2002,5,19,Sunday,7358
2002,5,20,Monday,11568
2002,5,21,Tuesday,12675
2002,5,22,Wednesday,12463
2002,5,23,Thursday,12871
2002,5,24,Friday,12569
2002,5,25,Saturday,8374
2002,5,26,Sunday,7221
2002,5,27,Monday,7667
2002,5,28,Tuesday,11923
2002,5,29,Wednesday,13213
2002,5,30,Thursday,12738
2002,5,31,Friday,12354
2002,6,1,Saturday,8410
2002,6,2,Sunday,7469
2002,6,3,Monday,11273
2002,6,4,Tuesday,12391
2002,6,5,Wednesday,12433
2002,6,6,Thursday,12478
2002,6,7,Friday,12067
2002,6,8,Saturday,8392
2002,6,9,Sunday,7401
2002,6,10,Monday,11664
2002,6,11,Tuesday,12464
2002,6,12,Wednesday,12499
2002,6,13,Thursday,12253
2002,6,14,Friday,12364
2002,6,15,Saturday,8593
2002,6,16,Sunday,7575
2002,6,17,Monday,11482
2002,6,18,Tuesday,12898
2002,6,19,Wednesday,12350
2002,6,20,Thursday,12633
2002,6,21,Friday,12163
2002,6,22,Saturday,8576
2002,6,23,Sunday,7557
2002,6,24,Monday,11724
2002,6,25,Tuesday,13168
2002,6,26,Wednesday,12850
2002,6,27,Thursday,13102
2002,6,28,Friday,12779
2002,6,29,Saturday,8841
2002,6,30,Sunday,7739
2002,7,1,Monday,12397
2002,7,2,Tuesday,13862
2002,7,3,Wednesday,13393
2002,7,4,Thursday,9346
2002,7,5,Friday,11131
2002,7,6,Saturday,8715
2002,7,7,Sunday,7951
2002,7,8,Monday,12060
2002,7,9,Tuesday,13556
2002,7,10,Wednesday,12998
2002,7,11,Thursday,12974
2002,7,12,Friday,12505
2002,7,13,Saturday,8778
2002,7,14,Sunday,7781
2002,7,15,Monday,12176
2002,7,16,Tuesday,13352
2002,7,17,Wednesday,13070
2002,7,18,Thursday,13183
2002,7,19,Friday,12668
2002,7,20,Saturday,8684
2002,7,21,Sunday,7823
2002,7,22,Monday,11949
2002,7,23,Tuesday,13318
2002,7,24,Wednesday,12969
2002,7,25,Thursday,13191
2002,7,26,Friday,12745
2002,7,27,Saturday,8924
2002,7,28,Sunday,7812
2002,7,29,Monday,11961
2002,7,30,Tuesday,13342
2002,7,31,Wednesday,13055
2002,8,1,Thursday,13042
2002,8,2,Friday,12850
2002,8,3,Saturday,8857
2002,8,4,Sunday,7689
2002,8,5,Monday,11938
2002,8,6,Tuesday,13155
2002,8,7,Wednesday,12764
2002,8,8,Thursday,13130
2002,8,9,Friday,12664
2002,8,10,Saturday,8929
2002,8,11,Sunday,7869
2002,8,12,Monday,12110
2002,8,13,Tuesday,13284
2002,8,14,Wednesday,13028
2002,8,15,Thursday,13277
2002,8,16,Friday,12892
2002,8,17,Saturday,9138
2002,8,18,Sunday,7812
2002,8,19,Monday,12040
2002,8,20,Tuesday,13460
2002,8,21,Wednesday,13069
2002,8,22,Thursday,12964
2002,8,23,Friday,12934
2002,8,24,Saturday,8932
2002,8,25,Sunday,7833
2002,8,26,Monday,11966
2002,8,27,Tuesday,13504
2002,8,28,Wednesday,13109
2002,8,29,Thursday,13143
2002,8,30,Friday,13054
2002,8,31,Saturday,8981
2002,9,1,Sunday,7840
2002,9,2,Monday,8085
2002,9,3,Tuesday,12325
2002,9,4,Wednesday,13675
2002,9,5,Thursday,13751
2002,9,6,Friday,13399
2002,9,7,Saturday,9238
2002,9,8,Sunday,7956
2002,9,9,Monday,12619
2002,9,10,Tuesday,13644
2002,9,11,Wednesday,12371
2002,9,12,Thursday,13982
2002,9,13,Friday,12786
2002,9,14,Saturday,9258
2002,9,15,Sunday,8331
2002,9,16,Monday,12520
2002,9,17,Tuesday,13883
2002,9,18,Wednesday,13655
2002,9,19,Thursday,13620
2002,9,20,Friday,13455
2002,9,21,Saturday,9436
2002,9,22,Sunday,8091
2002,9,23,Monday,12564
2002,9,24,Tuesday,13884
2002,9,25,Wednesday,13228
2002,9,26,Thursday,13211
2002,9,27,Friday,13047
2002,9,28,Saturday,9120
2002,9,29,Sunday,7842
2002,9,30,Monday,11998
2002,10,1,Tuesday,13296
2002,10,2,Wednesday,13164
2002,10,3,Thursday,12778
2002,10,4,Friday,12582
2002,10,5,Saturday,8783
2002,10,6,Sunday,7671
2002,10,7,Monday,11747
2002,10,8,Tuesday,12802
2002,10,9,Wednesday,12417
2002,10,10,Thursday,12433
2002,10,11,Friday,12271
2002,10,12,Saturday,8334
2002,10,13,Sunday,7326
2002,10,14,Monday,11312
2002,10,15,Tuesday,12513
2002,10,16,Wednesday,12363
2002,10,17,Thursday,12222
2002,10,18,Friday,11968
2002,10,19,Saturday,8391
2002,10,20,Sunday,7256
2002,10,21,Monday,11473
2002,10,22,Tuesday,12921
2002,10,23,Wednesday,12380
2002,10,24,Thursday,12447
2002,10,25,Friday,12276
2002,10,26,Saturday,8303
2002,10,27,Sunday,7591
2002,10,28,Monday,11603
2002,10,29,Tuesday,12561
2002,10,30,Wednesday,12023
2002,10,31,Thursday,10607
2002,11,1,Friday,12335
2002,11,2,Saturday,8364
2002,11,3,Sunday,7380
2002,11,4,Monday,11526
2002,11,5,Tuesday,12604
2002,11,6,Wednesday,12349
2002,11,7,Thursday,12378
2002,11,8,Friday,12211
2002,11,9,Saturday,8454
2002,11,10,Sunday,7561
2002,11,11,Monday,11310
2002,11,12,Tuesday,12422
2002,11,13,Wednesday,11833
2002,11,14,Thursday,12205
2002,11,15,Friday,12016
2002,11,16,Saturday,8157
2002,11,17,Sunday,7167
2002,11,18,Monday,11554
2002,11,19,Tuesday,12462
2002,11,20,Wednesday,12254
2002,11,21,Thursday,12431
2002,11,22,Friday,12726
2002,11,23,Saturday,8417
2002,11,24,Sunday,7526
2002,11,25,Monday,12198
2002,11,26,Tuesday,13064
2002,11,27,Wednesday,11245
2002,11,28,Thursday,7262
2002,11,29,Friday,9155
2002,11,30,Saturday,8007
2002,12,1,Sunday,7286
2002,12,2,Monday,11563
2002,12,3,Tuesday,12980
2002,12,4,Wednesday,12396
2002,12,5,Thursday,12343
2002,12,6,Friday,11560
2002,12,7,Saturday,8362
2002,12,8,Sunday,7190
2002,12,9,Monday,11313
2002,12,10,Tuesday,12544
2002,12,11,Wednesday,12311
2002,12,12,Thursday,12533
2002,12,13,Friday,11378
2002,12,14,Saturday,8274
2002,12,15,Sunday,7364
2002,12,16,Monday,12061
2002,12,17,Tuesday,13102
2002,12,18,Wednesday,13252
2002,12,19,Thursday,13342
2002,12,20,Friday,13690
2002,12,21,Saturday,8934
2002,12,22,Sunday,7460
2002,12,23,Monday,11135
2002,12,24,Tuesday,8929
2002,12,25,Wednesday,6629
2002,12,26,Thursday,10903
2002,12,27,Friday,13332
2002,12,28,Saturday,8953
2002,12,29,Sunday,7892
2002,12,30,Monday,12906
2002,12,31,Tuesday,12339
2003,1,1,Wednesday,7783
2003,1,2,Thursday,10863
2003,1,3,Friday,11965
2003,1,4,Saturday,8374
2003,1,5,Sunday,7365
2003,1,6,Monday,11220
2003,1,7,Tuesday,12398
2003,1,8,Wednesday,11872
2003,1,9,Thursday,11828
2003,1,10,Friday,12303
2003,1,11,Saturday,8334
2003,1,12,Sunday,7214
2003,1,13,Monday,11017
2003,1,14,Tuesday,12651
2003,1,15,Wednesday,11870
2003,1,16,Thursday,11897
2003,1,17,Friday,11855
2003,1,18,Saturday,8300
2003,1,19,Sunday,7366
2003,1,20,Monday,10842
2003,1,21,Tuesday,12052
2003,1,22,Wednesday,11835
2003,1,23,Thursday,11892
2003,1,24,Friday,11890
2003,1,25,Saturday,8241
2003,1,26,Sunday,7295
2003,1,27,Monday,11231
2003,1,28,Tuesday,12363
2003,1,29,Wednesday,11851
2003,1,30,Thursday,12062
2003,1,31,Friday,11774
2003,2,1,Saturday,8538
2003,2,2,Sunday,7515
2003,2,3,Monday,11311
2003,2,4,Tuesday,12305
2003,2,5,Wednesday,11786
2003,2,6,Thursday,12144
2003,2,7,Friday,12195
2003,2,8,Saturday,8459
2003,2,9,Sunday,7396
2003,2,10,Monday,11771
2003,2,11,Tuesday,12700
2003,2,12,Wednesday,12339
2003,2,13,Thursday,12086
2003,2,14,Friday,12807
2003,2,15,Saturday,8730
2003,2,16,Sunday,7568
2003,2,17,Monday,10522
2003,2,18,Tuesday,12403
2003,2,19,Wednesday,12395
2003,2,20,Thursday,12320
2003,2,21,Friday,12435
2003,2,22,Saturday,8767
2003,2,23,Sunday,7582
2003,2,24,Monday,11677
2003,2,25,Tuesday,12595
2003,2,26,Wednesday,12136
2003,2,27,Thursday,12437
2003,2,28,Friday,12329
2003,3,1,Saturday,8500
2003,3,2,Sunday,7438
2003,3,3,Monday,12491
2003,3,4,Tuesday,12638
2003,3,5,Wednesday,12264
2003,3,6,Thursday,12419
2003,3,7,Friday,12259
2003,3,8,Saturday,8528
2003,3,9,Sunday,7300
2003,3,10,Monday,11456
2003,3,11,Tuesday,12693
2003,3,12,Wednesday,12278
2003,3,13,Thursday,12127
2003,3,14,Friday,12582
2003,3,15,Saturday,8485
2003,3,16,Sunday,7387
2003,3,17,Monday,11718
2003,3,18,Tuesday,12697
2003,3,19,Wednesday,12374
2003,3,20,Thursday,12506
2003,3,21,Friday,12446
2003,3,22,Saturday,8372
2003,3,23,Sunday,7303
2003,3,24,Monday,11487
2003,3,25,Tuesday,12819
2003,3,26,Wednesday,12324
2003,3,27,Thursday,12403
2003,3,28,Friday,12317
2003,3,29,Saturday,8579
2003,3,30,Sunday,7399
2003,3,31,Monday,11331
2003,4,1,Tuesday,11754
2003,4,2,Wednesday,12739
2003,4,3,Thursday,12380
2003,4,4,Friday,12453
2003,4,5,Saturday,8371
2003,4,6,Sunday,7181
2003,4,7,Monday,11554
2003,4,8,Tuesday,12813
2003,4,9,Wednesday,12172
2003,4,10,Thursday,12485
2003,4,11,Friday,12176
2003,4,12,Saturday,8380
2003,4,13,Sunday,7130
2003,4,14,Monday,11599
2003,4,15,Tuesday,12799
2003,4,16,Wednesday,12701
2003,4,17,Thursday,12716
2003,4,18,Friday,11576
2003,4,19,Saturday,8077
2003,4,20,Sunday,7057
2003,4,21,Monday,11303
2003,4,22,Tuesday,12474
2003,4,23,Wednesday,12361
2003,4,24,Thursday,12297
2003,4,25,Friday,12049
2003,4,26,Saturday,8213
2003,4,27,Sunday,7342
2003,4,28,Monday,11460
2003,4,29,Tuesday,12430
2003,4,30,Wednesday,12064
2003,5,1,Thursday,12526
2003,5,2,Friday,12297
2003,5,3,Saturday,8366
2003,5,4,Sunday,7481
2003,5,5,Monday,11814
2003,5,6,Tuesday,12884
2003,5,7,Wednesday,12447
2003,5,8,Thursday,12664
2003,5,9,Friday,12522
2003,5,10,Saturday,8594
2003,5,11,Sunday,7484
2003,5,12,Monday,11943
2003,5,13,Tuesday,12455
2003,5,14,Wednesday,12635
2003,5,15,Thursday,12896
2003,5,16,Friday,12662
2003,5,17,Saturday,8536
2003,5,18,Sunday,7505
2003,5,19,Monday,11811
2003,5,20,Tuesday,12993
2003,5,21,Wednesday,13139
2003,5,22,Thursday,13199
2003,5,23,Friday,12965
2003,5,24,Saturday,8678
2003,5,25,Sunday,7598
2003,5,26,Monday,7825
2003,5,27,Tuesday,12163
2003,5,28,Wednesday,13619
2003,5,29,Thursday,13277
2003,5,30,Friday,13034
2003,5,31,Saturday,8742
2003,6,1,Sunday,7570
2003,6,2,Monday,11835
2003,6,3,Tuesday,12824
2003,6,4,Wednesday,12616
2003,6,5,Thursday,12647
2003,6,6,Friday,12617
2003,6,7,Saturday,8559
2003,6,8,Sunday,7493
2003,6,9,Monday,11743
2003,6,10,Tuesday,13102
2003,6,11,Wednesday,12931
2003,6,12,Thursday,12883
2003,6,13,Friday,11821
2003,6,14,Saturday,8594
2003,6,15,Sunday,7571
2003,6,16,Monday,12229
2003,6,17,Tuesday,13144
2003,6,18,Wednesday,12903
2003,6,19,Thursday,12752
2003,6,20,Friday,12496
2003,6,21,Saturday,8623
2003,6,22,Sunday,7642
2003,6,23,Monday,12012
2003,6,24,Tuesday,13333
2003,6,25,Wednesday,13267
2003,6,26,Thursday,13106
2003,6,27,Friday,12678
2003,6,28,Saturday,8714
2003,6,29,Sunday,7648
2003,6,30,Monday,12072
2003,7,1,Tuesday,13682
2003,7,2,Wednesday,13577
2003,7,3,Thursday,13247
2003,7,4,Friday,9364
2003,7,5,Saturday,8209
2003,7,6,Sunday,7789
2003,7,7,Monday,12407
2003,7,8,Tuesday,13626
2003,7,9,Wednesday,13286
2003,7,10,Thursday,13381
2003,7,11,Friday,12878
2003,7,12,Saturday,8776
2003,7,13,Sunday,7867
2003,7,14,Monday,12068
2003,7,15,Tuesday,13434
2003,7,16,Wednesday,13224
2003,7,17,Thursday,13444
2003,7,18,Friday,13013
2003,7,19,Saturday,8787
2003,7,20,Sunday,7954
2003,7,21,Monday,12241
2003,7,22,Tuesday,13522
2003,7,23,Wednesday,13312
2003,7,24,Thursday,13355
2003,7,25,Friday,12825
2003,7,26,Saturday,8862
2003,7,27,Sunday,7740
2003,7,28,Monday,12262
2003,7,29,Tuesday,13562
2003,7,30,Wednesday,13295
2003,7,31,Thursday,13237
2003,8,1,Friday,13001
2003,8,2,Saturday,8740
2003,8,3,Sunday,7702
2003,8,4,Monday,12031
2003,8,5,Tuesday,13437
2003,8,6,Wednesday,13123
2003,8,7,Thursday,13315
2003,8,8,Friday,13145
2003,8,9,Saturday,9109
2003,8,10,Sunday,7852
2003,8,11,Monday,12053
2003,8,12,Tuesday,13698
2003,8,13,Wednesday,12955
2003,8,14,Thursday,13152
2003,8,15,Friday,13011
2003,8,16,Saturday,9189
2003,8,17,Sunday,8018
2003,8,18,Monday,12243
2003,8,19,Tuesday,13561
2003,8,20,Wednesday,13196
2003,8,21,Thursday,13339
2003,8,22,Friday,13222
2003,8,23,Saturday,9071
2003,8,24,Sunday,7858
2003,8,25,Monday,12411
2003,8,26,Tuesday,13723
2003,8,27,Wednesday,13594
2003,8,28,Thursday,13839
2003,8,29,Friday,13547
2003,8,30,Saturday,9225
2003,8,31,Sunday,7743
2003,9,1,Monday,8059
2003,9,2,Tuesday,12389
2003,9,3,Wednesday,14119
2003,9,4,Thursday,13870
2003,9,5,Friday,13616
2003,9,6,Saturday,9257
2003,9,7,Sunday,8064
2003,9,8,Monday,12504
2003,9,9,Tuesday,13615
2003,9,10,Wednesday,13908
2003,9,11,Thursday,12932
2003,9,12,Friday,13621
2003,9,13,Saturday,9444
2003,9,14,Sunday,8415
2003,9,15,Monday,12846
2003,9,16,Tuesday,14145
2003,9,17,Wednesday,13686
2003,9,18,Thursday,13781
2003,9,19,Friday,13325
2003,9,20,Saturday,9522
2003,9,21,Sunday,8383
2003,9,22,Monday,12766
2003,9,23,Tuesday,14036
2003,9,24,Wednesday,13578
2003,9,25,Thursday,13651
2003,9,26,Friday,13600
2003,9,27,Saturday,9039
2003,9,28,Sunday,8060
2003,9,29,Monday,12291
2003,9,30,Tuesday,13122
2003,10,1,Wednesday,13138
2003,10,2,Thursday,13383
2003,10,3,Friday,13013
2003,10,4,Saturday,8876
2003,10,5,Sunday,7653
2003,10,6,Monday,11912
2003,10,7,Tuesday,13241
2003,10,8,Wednesday,13237
2003,10,9,Thursday,13047
2003,10,10,Friday,13058
2003,10,11,Saturday,8620
2003,10,12,Sunday,7713
2003,10,13,Monday,11272
2003,10,14,Tuesday,12995
2003,10,15,Wednesday,12690
2003,10,16,Thursday,12499
2003,10,17,Friday,12404
2003,10,18,Saturday,8432
2003,10,19,Sunday,7454
2003,10,20,Monday,11817
2003,10,21,Tuesday,13032
2003,10,22,Wednesday,12780
2003,10,23,Thursday,12568
2003,10,24,Friday,12325
2003,10,25,Saturday,8444
2003,10,26,Sunday,7696
2003,10,27,Monday,11745
2003,10,28,Tuesday,13173
2003,10,29,Wednesday,12705
2003,10,30,Thursday,12359
2003,10,31,Friday,10767
2003,11,1,Saturday,8342
2003,11,2,Sunday,7568
2003,11,3,Monday,12200
2003,11,4,Tuesday,13060
2003,11,5,Wednesday,12761
2003,11,6,Thursday,12564
2003,11,7,Friday,12291
2003,11,8,Saturday,8575
2003,11,9,Sunday,7341
2003,11,10,Monday,11890
2003,11,11,Tuesday,12917
2003,11,12,Wednesday,12463
2003,11,13,Thursday,12206
2003,11,14,Friday,12219
2003,11,15,Saturday,8163
2003,11,16,Sunday,7375
2003,11,17,Monday,11723
2003,11,18,Tuesday,12994
2003,11,19,Wednesday,12658
2003,11,20,Thursday,12710
2003,11,21,Friday,12770
2003,11,22,Saturday,8473
2003,11,23,Sunday,7249
2003,11,24,Monday,12803
2003,11,25,Tuesday,13399
2003,11,26,Wednesday,11767
2003,11,27,Thursday,7224
2003,11,28,Friday,9271
2003,11,29,Saturday,7913
2003,11,30,Sunday,7205
2003,12,1,Monday,11973
2003,12,2,Tuesday,13122
2003,12,3,Wednesday,12884
2003,12,4,Thursday,12372
2003,12,5,Friday,11901
2003,12,6,Saturday,8132
2003,12,7,Sunday,7241
2003,12,8,Monday,11496
2003,12,9,Tuesday,12699
2003,12,10,Wednesday,12470
2003,12,11,Thursday,12242
2003,12,12,Friday,12237
2003,12,13,Saturday,8150
2003,12,14,Sunday,7337
2003,12,15,Monday,12064
2003,12,16,Tuesday,13350
2003,12,17,Wednesday,13106
2003,12,18,Thursday,13594
2003,12,19,Friday,13434
2003,12,20,Saturday,8795
2003,12,21,Sunday,7547
2003,12,22,Monday,12967
2003,12,23,Tuesday,12598
2003,12,24,Wednesday,9096
2003,12,25,Thursday,6628
2003,12,26,Friday,10218
2003,12,27,Saturday,8646
2003,12,28,Sunday,7645
2003,12,29,Monday,12823
2003,12,30,Tuesday,14438
2003,12,31,Wednesday,12374
